,Iteration,Time,Fitness,Temperature,max_iters
0,0,0.00046175299999973163,23.0,10,1900
1,1,0.004628016999999929,24.0,10,1900
2,2,0.0054193769999999475,24.0,10,1900
3,3,0.006128598999999291,23.0,10,1900
4,4,0.006972234000000022,23.0,10,1900
5,5,0.007540013999999928,24.0,10,1900
6,6,0.008288116999999318,21.0,10,1900
7,7,0.009301879999999763,22.0,10,1900
8,8,0.010178480999999628,22.0,10,1900
9,9,0.010801379999999305,23.0,10,1900
10,10,0.011467763999999825,22.0,10,1900
11,11,0.012104981999999431,22.0,10,1900
12,12,0.012698608999999195,22.0,10,1900
13,13,0.013483659999999453,22.0,10,1900
14,14,0.01414955499999948,19.0,10,1900
15,15,0.014800782999999207,18.0,10,1900
16,16,0.015520296000000045,18.0,10,1900
17,17,0.016288557999999398,18.0,10,1900
18,18,0.016859062999999175,17.0,10,1900
19,19,0.017462378999999473,16.0,10,1900
20,20,0.018056902999999735,15.0,10,1900
21,21,0.018852557999999853,16.0,10,1900
22,22,0.01944528199999951,16.0,10,1900
23,23,0.020052607999999417,16.0,10,1900
24,24,0.020670136999999755,18.0,10,1900
25,25,0.021306527999999325,20.0,10,1900
26,26,0.022125155999999535,20.0,10,1900
27,27,0.02284406299999997,22.0,10,1900
28,28,0.023478830999999367,25.0,10,1900
29,29,0.024239691999999202,24.0,10,1900
30,30,0.02486767799999967,22.0,10,1900
31,31,0.025503375999999633,22.0,10,1900
32,32,0.026138355999999696,23.0,10,1900
33,33,0.027028459999999477,24.0,10,1900
34,34,0.027803671999999224,24.0,10,1900
35,35,0.028472970999999347,24.0,10,1900
36,36,0.029098756999999864,26.0,10,1900
37,37,0.02970573899999973,25.0,10,1900
38,38,0.030332818999999844,26.0,10,1900
39,39,0.030934911999999315,25.0,10,1900
40,40,0.03153351999999998,25.0,10,1900
41,41,0.03215829599999953,24.0,10,1900
42,42,0.03284435999999946,24.0,10,1900
43,43,0.033443759999999934,23.0,10,1900
44,44,0.03402664999999949,26.0,10,1900
45,45,0.03468714399999939,27.0,10,1900
46,46,0.03537499999999927,25.0,10,1900
47,47,0.03597934199999919,26.0,10,1900
48,48,0.036569937999999524,27.0,10,1900
49,49,0.037211428999999185,27.0,10,1900
50,50,0.03787221599999935,25.0,10,1900
51,51,0.03877801499999922,25.0,10,1900
52,52,0.039371968999999396,24.0,10,1900
53,53,0.039953663999999556,24.0,10,1900
54,54,0.04063935399999963,24.0,10,1900
55,55,0.04126610399999997,24.0,10,1900
56,56,0.04184649900000004,24.0,10,1900
57,57,0.04263127899999919,24.0,10,1900
58,58,0.043397662999999476,24.0,10,1900
59,59,0.04399952799999962,23.0,10,1900
60,60,0.04460960299999961,23.0,10,1900
61,61,0.04526635599999995,23.0,10,1900
62,62,0.04597871099999917,21.0,10,1900
63,63,0.046639388000000004,22.0,10,1900
64,64,0.047347839999999586,21.0,10,1900
65,65,0.04800261699999986,20.0,10,1900
66,66,0.048616516000000054,20.0,10,1900
67,67,0.0493907999999994,20.0,10,1900
68,68,0.050140461999999886,20.0,10,1900
69,69,0.05077240799999938,21.0,10,1900
70,70,0.051401910999999245,21.0,10,1900
71,71,0.052017953000000006,21.0,10,1900
72,72,0.05262950499999963,21.0,10,1900
73,73,0.05326196999999944,22.0,10,1900
74,74,0.05392420099999917,19.0,10,1900
75,75,0.05458740599999956,20.0,10,1900
76,76,0.055517241999999634,20.0,10,1900
77,77,0.05618366899999927,21.0,10,1900
78,78,0.05681568400000003,21.0,10,1900
79,79,0.05741947599999975,22.0,10,1900
80,80,0.05801532199999926,23.0,10,1900
81,81,0.05891211299999988,23.0,10,1900
82,82,0.05959776100000003,23.0,10,1900
83,83,0.060221439999999404,21.0,10,1900
84,84,0.06112888699999974,20.0,10,1900
85,85,0.06196617699999951,22.0,10,1900
86,86,0.06260095999999926,20.0,10,1900
87,87,0.06319635299999948,19.0,10,1900
88,88,0.06385521399999927,19.0,10,1900
89,89,0.06454298199999986,18.0,10,1900
90,90,0.06514939199999947,20.0,10,1900
91,91,0.06574721899999947,20.0,10,1900
92,92,0.06633201999999994,20.0,10,1900
93,93,0.06691658,19.0,10,1900
94,94,0.06748493399999944,18.0,10,1900
95,95,0.06778781199999973,18.0,10,1900
96,96,0.06836645399999952,18.0,10,1900
97,97,0.06897698399999985,18.0,10,1900
98,98,0.0695907929999997,18.0,10,1900
99,99,0.07019887999999952,19.0,10,1900
100,100,0.07080244699999927,20.0,10,1900
101,101,0.07608416699999943,20.0,10,1900
102,102,0.07684888199999929,21.0,10,1900
103,103,0.07754023099999952,21.0,10,1900
104,104,0.07824012099999944,22.0,10,1900
105,105,0.07886397099999964,23.0,10,1900
106,106,0.07948498299999951,22.0,10,1900
107,107,0.08014463999999943,25.0,10,1900
108,108,0.08077728199999967,24.0,10,1900
109,109,0.0813920769999994,25.0,10,1900
110,110,0.08200280799999948,26.0,10,1900
111,111,0.08233563399999966,26.0,10,1900
112,112,0.08293691599999953,27.0,10,1900
113,113,0.08354327799999961,25.0,10,1900
114,114,0.08420043299999946,24.0,10,1900
115,115,0.0848452859999993,22.0,10,1900
116,116,0.08548874999999967,24.0,10,1900
117,117,0.08616671099999973,24.0,10,1900
118,118,0.08680830099999959,23.0,10,1900
119,119,0.08743124099999999,24.0,10,1900
120,120,0.08803474199999961,24.0,10,1900
121,121,0.08865875599999917,24.0,10,1900
122,122,0.08938064499999943,25.0,10,1900
123,123,0.09004383100000002,25.0,10,1900
124,124,0.09078896699999994,26.0,10,1900
125,125,0.09138641399999958,28.0,10,1900
126,126,0.09199089799999971,28.0,10,1900
127,127,0.09259782499999947,28.0,10,1900
128,128,0.0929147669999999,28.0,10,1900
129,129,0.09351325299999935,26.0,10,1900
130,130,0.0941075609999995,27.0,10,1900
131,131,0.09476999500000005,27.0,10,1900
132,132,0.0955038109999995,26.0,10,1900
133,133,0.09610410599999941,28.0,10,1900
134,134,0.09685784799999997,29.0,10,1900
135,135,0.09757930099999967,29.0,10,1900
136,136,0.09827171400000001,29.0,10,1900
137,137,0.09905169399999991,29.0,10,1900
138,138,0.09966412199999919,27.0,10,1900
139,139,0.10036661999999996,27.0,10,1900
140,140,0.10099957999999987,26.0,10,1900
141,141,0.10166210399999986,26.0,10,1900
142,142,0.10199596099999919,26.0,10,1900
143,143,0.10233495799999925,26.0,10,1900
144,144,0.10298246199999994,26.0,10,1900
145,145,0.1036672189999992,27.0,10,1900
146,146,0.10436823999999945,27.0,10,1900
147,147,0.10516993999999968,25.0,10,1900
148,148,0.10589944699999965,23.0,10,1900
149,149,0.10661831,22.0,10,1900
150,150,0.10731766599999926,21.0,10,1900
151,151,0.10822344899999958,21.0,10,1900
152,152,0.10893206499999941,22.0,10,1900
153,153,0.1096643359999998,21.0,10,1900
154,154,0.11028146699999919,22.0,10,1900
155,155,0.11099649399999922,22.0,10,1900
156,156,0.11196019199999974,23.0,10,1900
157,157,0.1123166229999999,23.0,10,1900
158,158,0.11302143499999939,24.0,10,1900
159,159,0.11374726499999976,25.0,10,1900
160,160,0.11447695199999952,23.0,10,1900
161,161,0.1151655629999997,22.0,10,1900
162,162,0.1158576619999998,22.0,10,1900
163,163,0.11660833199999932,22.0,10,1900
164,164,0.11732252299999946,22.0,10,1900
165,165,0.11800910399999953,23.0,10,1900
166,166,0.11874770099999932,22.0,10,1900
167,167,0.11921465199999925,22.0,10,1900
168,168,0.11983926,20.0,10,1900
169,169,0.12047118000000001,19.0,10,1900
170,170,0.12081759099999978,19.0,10,1900
171,171,0.12145227999999975,18.0,10,1900
172,172,0.12237651299999985,18.0,10,1900
173,173,0.12304097599999952,16.0,10,1900
174,174,0.12367026699999961,17.0,10,1900
175,175,0.12442135399999987,19.0,10,1900
176,176,0.12506182299999935,19.0,10,1900
177,177,0.12566924699999937,17.0,10,1900
178,178,0.12629136999999968,17.0,10,1900
179,179,0.12679783899999997,17.0,10,1900
180,180,0.1275562929999996,15.0,10,1900
181,181,0.1284043559999999,15.0,10,1900
182,182,0.12901454499999954,15.0,10,1900
183,183,0.12934642099999927,15.0,10,1900
184,184,0.12999602399999954,16.0,10,1900
185,185,0.13057368099999955,16.0,10,1900
186,186,0.1311637689999996,15.0,10,1900
187,187,0.13174723999999927,16.0,10,1900
188,188,0.13232571599999954,16.0,10,1900
189,189,0.13307734399999926,16.0,10,1900
190,190,0.13369448100000003,17.0,10,1900
191,191,0.13427573299999995,17.0,10,1900
192,192,0.1348792329999995,18.0,10,1900
193,193,0.13545562499999964,18.0,10,1900
194,194,0.13602994399999968,16.0,10,1900
195,195,0.13663360799999946,15.0,10,1900
196,196,0.1372270639999993,14.0,10,1900
197,197,0.13788479499999973,14.0,10,1900
198,198,0.13820675299999952,14.0,10,1900
199,199,0.13896731499999948,14.0,10,1900
200,200,0.13967580899999987,14.0,10,1900
201,201,0.14622019499999972,15.0,10,1900
202,202,0.1468657569999996,15.0,10,1900
203,203,0.1474557239999994,15.0,10,1900
204,204,0.1480488839999996,13.0,10,1900
205,205,0.1483645729999994,13.0,10,1900
206,206,0.1489682099999996,12.0,10,1900
207,207,0.14960114199999985,12.0,10,1900
208,208,0.15034341500000004,14.0,10,1900
209,209,0.15096009799999965,15.0,10,1900
210,210,0.15155297999999995,14.0,10,1900
211,211,0.15215090099999973,17.0,10,1900
212,212,0.15273676300000005,16.0,10,1900
213,213,0.1534777579999993,15.0,10,1900
214,214,0.1541008649999993,16.0,10,1900
215,215,0.15469099099999983,14.0,10,1900
216,216,0.15529147399999932,12.0,10,1900
217,217,0.15567360799999985,12.0,10,1900
218,218,0.15638765899999996,12.0,10,1900
219,219,0.1569900319999995,12.0,10,1900
220,220,0.15759341899999946,13.0,10,1900
221,221,0.15817746899999996,13.0,10,1900
222,222,0.15877379999999963,11.0,10,1900
223,223,0.15939499599999962,11.0,10,1900
224,224,0.15970361399999966,11.0,10,1900
225,225,0.1603688029999999,11.0,10,1900
226,226,0.1610017259999994,11.0,10,1900
227,227,0.16159745899999933,12.0,10,1900
228,228,0.16217206899999947,12.0,10,1900
229,229,0.1627472919999997,15.0,10,1900
230,230,0.1633367089999993,14.0,10,1900
231,231,0.16394473200000004,14.0,10,1900
232,232,0.16454973599999967,14.0,10,1900
233,233,0.1648538049999999,14.0,10,1900
234,234,0.16548097599999956,14.0,10,1900
235,235,0.16579073099999952,14.0,10,1900
236,236,0.1661124419999993,14.0,10,1900
237,237,0.1667668719999993,16.0,10,1900
238,238,0.16735471899999954,16.0,10,1900
239,239,0.16793257299999986,18.0,10,1900
240,240,0.16853668399999933,16.0,10,1900
241,241,0.16912707199999932,16.0,10,1900
242,242,0.1697007449999992,13.0,10,1900
243,243,0.17000453999999987,13.0,10,1900
244,244,0.17064841199999936,12.0,10,1900
245,245,0.17124152400000003,10.0,10,1900
246,246,0.17181655299999932,10.0,10,1900
247,247,0.1724028259999999,11.0,10,1900
248,248,0.17310458499999992,11.0,10,1900
249,249,0.1739169399999998,11.0,10,1900
250,250,0.17455486499999928,11.0,10,1900
251,251,0.1751937159999999,12.0,10,1900
252,252,0.17552010599999956,12.0,10,1900
253,253,0.17618888099999985,12.0,10,1900
254,254,0.17677024099999983,12.0,10,1900
255,255,0.17724556099999944,12.0,10,1900
256,256,0.1778619629999998,11.0,10,1900
257,257,0.17846980999999928,12.0,10,1900
258,258,0.17908462699999994,11.0,10,1900
259,259,0.17941081099999945,11.0,10,1900
260,260,0.18001375599999925,11.0,10,1900
261,261,0.18060996499999948,11.0,10,1900
262,262,0.18123380299999958,10.0,10,1900
263,263,0.1818759839999995,11.0,10,1900
264,264,0.18246776699999945,10.0,10,1900
265,265,0.1830469809999995,10.0,10,1900
266,266,0.1836379689999994,12.0,10,1900
267,267,0.18424624399999967,12.0,10,1900
268,268,0.18484084299999992,13.0,10,1900
269,269,0.18543870699999943,13.0,10,1900
270,270,0.1860293939999993,13.0,10,1900
271,271,0.18665536199999977,13.0,10,1900
272,272,0.1872687519999996,15.0,10,1900
273,273,0.18787018,14.0,10,1900
274,274,0.18846890299999952,13.0,10,1900
275,275,0.18913479799999955,12.0,10,1900
276,276,0.18982625199999958,12.0,10,1900
277,277,0.1904051089999994,13.0,10,1900
278,278,0.19099687399999965,12.0,10,1900
279,279,0.19162724299999923,12.0,10,1900
280,280,0.1925467869999995,12.0,10,1900
281,281,0.19320139199999975,12.0,10,1900
282,282,0.1935150599999993,12.0,10,1900
283,283,0.19410368799999933,13.0,10,1900
284,284,0.19468696299999966,13.0,10,1900
285,285,0.19528221599999984,14.0,10,1900
286,286,0.19559562699999944,14.0,10,1900
287,287,0.19627409199999946,13.0,10,1900
288,288,0.1966266369999996,13.0,10,1900
289,289,0.19730669899999942,13.0,10,1900
290,290,0.1979085189999994,13.0,10,1900
291,291,0.19823661299999973,13.0,10,1900
292,292,0.1985581829999994,13.0,10,1900
293,293,0.1991702929999999,14.0,10,1900
294,294,0.19978176699999928,14.0,10,1900
295,295,0.2004096939999993,12.0,10,1900
296,296,0.2009989929999998,12.0,10,1900
297,297,0.20158839199999967,13.0,10,1900
298,298,0.20218729799999924,13.0,10,1900
299,299,0.20281866099999935,12.0,10,1900
300,300,0.20340405899999947,13.0,10,1900
301,301,0.20972931599999978,13.0,10,1900
302,302,0.21005702199999998,13.0,10,1900
303,303,0.2107178559999996,14.0,10,1900
304,304,0.2113274159999996,13.0,10,1900
305,305,0.21193182899999918,14.0,10,1900
306,306,0.21253285199999983,13.0,10,1900
307,307,0.21316876199999957,13.0,10,1900
308,308,0.21386163099999944,14.0,10,1900
309,309,0.21452674499999969,14.0,10,1900
310,310,0.21515020899999993,15.0,10,1900
311,311,0.2157345399999997,15.0,10,1900
312,312,0.21633634099999988,15.0,10,1900
313,313,0.21695241999999926,15.0,10,1900
314,314,0.21774000199999932,15.0,10,1900
315,315,0.218337762,14.0,10,1900
316,316,0.21897859599999947,14.0,10,1900
317,317,0.21957202799999997,14.0,10,1900
318,318,0.22018330299999977,14.0,10,1900
319,319,0.22077880299999997,14.0,10,1900
320,320,0.2213840489999992,13.0,10,1900
321,321,0.22203266499999952,12.0,10,1900
322,322,0.22246360199999948,12.0,10,1900
323,323,0.22281369699999942,12.0,10,1900
324,324,0.2236409179999992,12.0,10,1900
325,325,0.22449541800000006,14.0,10,1900
326,326,0.22508547799999956,15.0,10,1900
327,327,0.22547286399999944,15.0,10,1900
328,328,0.22606011199999987,14.0,10,1900
329,329,0.22637066699999941,14.0,10,1900
330,330,0.22698843899999943,15.0,10,1900
331,331,0.227308968,15.0,10,1900
332,332,0.2278998889999997,15.0,10,1900
333,333,0.22849761099999988,14.0,10,1900
334,334,0.2290957639999993,14.0,10,1900
335,335,0.22972747800000004,16.0,10,1900
336,336,0.2303400929999997,17.0,10,1900
337,337,0.23065944900000002,17.0,10,1900
338,338,0.23124973099999924,15.0,10,1900
339,339,0.23185633599999989,16.0,10,1900
340,340,0.23249234399999974,17.0,10,1900
341,341,0.2328126699999995,17.0,10,1900
342,342,0.23313265999999988,17.0,10,1900
343,343,0.23345310099999939,17.0,10,1900
344,344,0.23403542799999943,17.0,10,1900
345,345,0.23436932899999974,17.0,10,1900
346,346,0.23505679300000004,17.0,10,1900
347,347,0.2356682689999996,15.0,10,1900
348,348,0.23625616999999988,16.0,10,1900
349,349,0.23683800899999952,16.0,10,1900
350,350,0.2374501199999992,17.0,10,1900
351,351,0.23775718,17.0,10,1900
352,352,0.238372547,15.0,10,1900
353,353,0.2390818889999995,16.0,10,1900
354,354,0.23991569599999973,16.0,10,1900
355,355,0.24051388499999948,16.0,10,1900
356,356,0.2408364349999994,16.0,10,1900
357,357,0.24142171299999937,15.0,10,1900
358,358,0.2421660989999994,15.0,10,1900
359,359,0.24278591999999932,17.0,10,1900
360,360,0.243119396,17.0,10,1900
361,361,0.24344839299999954,17.0,10,1900
362,362,0.24376050199999977,17.0,10,1900
363,363,0.24434865499999958,18.0,10,1900
364,364,0.24513751900000003,17.0,10,1900
365,365,0.24595109099999934,17.0,10,1900
366,366,0.24628105499999986,17.0,10,1900
367,367,0.24686358899999927,17.0,10,1900
368,368,0.24747333799999982,17.0,10,1900
369,369,0.2480722369999997,17.0,10,1900
370,370,0.2483853809999994,17.0,10,1900
371,371,0.2486971519999992,17.0,10,1900
372,372,0.24915725599999927,17.0,10,1900
373,373,0.2498291719999992,17.0,10,1900
374,374,0.2505677739999994,18.0,10,1900
375,375,0.25131280899999986,17.0,10,1900
376,376,0.25194217499999993,16.0,10,1900
377,377,0.25253161499999965,17.0,10,1900
378,378,0.2531268029999998,16.0,10,1900
379,379,0.25370448199999984,14.0,10,1900
380,380,0.25430496999999974,15.0,10,1900
381,381,0.2549253829999998,14.0,10,1900
382,382,0.25524086999999973,14.0,10,1900
383,383,0.2559295379999993,13.0,10,1900
384,384,0.25673631199999924,13.0,10,1900
385,385,0.2573343189999999,13.0,10,1900
386,386,0.2580692209999995,12.0,10,1900
387,387,0.2583972619999999,12.0,10,1900
388,388,0.25899818799999963,12.0,10,1900
389,389,0.25959567999999944,12.0,10,1900
390,390,0.2601921149999997,13.0,10,1900
391,391,0.26069068599999934,13.0,10,1900
392,392,0.2610170509999996,13.0,10,1900
393,393,0.2616091039999997,12.0,10,1900
394,394,0.2622194209999993,12.0,10,1900
395,395,0.26280198699999957,12.0,10,1900
396,396,0.2634401689999999,12.0,10,1900
397,397,0.2640524639999997,12.0,10,1900
398,398,0.26466269599999936,12.0,10,1900
399,399,0.2649844079999992,12.0,10,1900
400,400,0.2653061499999998,12.0,10,1900
401,401,0.2716304159999998,13.0,10,1900
402,402,0.27236761699999956,12.0,10,1900
403,403,0.2729968869999997,12.0,10,1900
404,404,0.2736090659999997,14.0,10,1900
405,405,0.27421525599999974,15.0,10,1900
406,406,0.27481901599999947,14.0,10,1900
407,407,0.27541949399999943,16.0,10,1900
408,408,0.2757299099999999,16.0,10,1900
409,409,0.2763479949999992,16.0,10,1900
410,410,0.2766597269999993,16.0,10,1900
411,411,0.27728782599999935,16.0,10,1900
412,412,0.2779157209999994,15.0,10,1900
413,413,0.27851179999999953,15.0,10,1900
414,414,0.27927776599999987,16.0,10,1900
415,415,0.27987598499999944,16.0,10,1900
416,416,0.2802070279999995,16.0,10,1900
417,417,0.28080114099999953,15.0,10,1900
418,418,0.2814107979999996,15.0,10,1900
419,419,0.2817366079999992,15.0,10,1900
420,420,0.2823485889999997,14.0,10,1900
421,421,0.2831200159999998,16.0,10,1900
422,422,0.28369442799999955,15.0,10,1900
423,423,0.28400068499999964,15.0,10,1900
424,424,0.28430639099999944,15.0,10,1900
425,425,0.2846297549999992,15.0,10,1900
426,426,0.2852029809999994,16.0,10,1900
427,427,0.2857786099999995,15.0,10,1900
428,428,0.2861043969999999,15.0,10,1900
429,429,0.2867099589999995,17.0,10,1900
430,430,0.2873004659999996,16.0,10,1900
431,431,0.2879301629999995,16.0,10,1900
432,432,0.28878833000000004,15.0,10,1900
433,433,0.2894453529999996,16.0,10,1900
434,434,0.2900629409999995,18.0,10,1900
435,435,0.2906592879999996,19.0,10,1900
436,436,0.2912541039999992,18.0,10,1900
437,437,0.29184319899999966,18.0,10,1900
438,438,0.29216306499999956,18.0,10,1900
439,439,0.2924708779999996,18.0,10,1900
440,440,0.29277871599999994,18.0,10,1900
441,441,0.2934054079999999,17.0,10,1900
442,442,0.2937313509999999,17.0,10,1900
443,443,0.294059313,17.0,10,1900
444,444,0.2946421189999997,16.0,10,1900
445,445,0.2952191089999996,16.0,10,1900
446,446,0.29579360099999974,16.0,10,1900
447,447,0.2961002939999995,16.0,10,1900
448,448,0.29647243899999953,16.0,10,1900
449,449,0.29714379899999965,16.0,10,1900
450,450,0.2977236629999993,15.0,10,1900
451,451,0.2980342019999993,15.0,10,1900
452,452,0.29834725199999923,15.0,10,1900
453,453,0.299055214,15.0,10,1900
454,454,0.2998354049999996,12.0,10,1900
455,455,0.30017877199999976,12.0,10,1900
456,456,0.30078361099999995,13.0,10,1900
457,457,0.3010997289999997,13.0,10,1900
458,458,0.30171447899999926,14.0,10,1900
459,459,0.30230882899999933,15.0,10,1900
460,460,0.3030509659999998,14.0,10,1900
461,461,0.30368713599999975,13.0,10,1900
462,462,0.30428926999999995,13.0,10,1900
463,463,0.30488422599999954,13.0,10,1900
464,464,0.3054824739999997,11.0,10,1900
465,465,0.3058496119999994,11.0,10,1900
466,466,0.30656155500000004,11.0,10,1900
467,467,0.3071414849999998,10.0,10,1900
468,468,0.3077379589999998,9.0,10,1900
469,469,0.3083198739999995,9.0,10,1900
470,470,0.30893125699999935,9.0,10,1900
471,471,0.3094190209999992,9.0,10,1900
472,472,0.3099546369999997,9.0,10,1900
473,473,0.31057325399999947,8.0,10,1900
474,474,0.3108985069999992,8.0,10,1900
475,475,0.31150438899999955,9.0,10,1900
476,476,0.3118334899999997,9.0,10,1900
477,477,0.31246667799999983,11.0,10,1900
478,478,0.31325215999999934,11.0,10,1900
479,479,0.31396340799999933,11.0,10,1900
480,480,0.3143124969999995,11.0,10,1900
481,481,0.3149796009999992,10.0,10,1900
482,482,0.31560556599999945,11.0,10,1900
483,483,0.3159237999999993,11.0,10,1900
484,484,0.3166180059999997,11.0,10,1900
485,485,0.31765660399999973,10.0,10,1900
486,486,0.3181079269999998,10.0,10,1900
487,487,0.3185280689999992,10.0,10,1900
488,488,0.3191411629999994,10.0,10,1900
489,489,0.31978348899999975,10.0,10,1900
490,490,0.32012121599999954,10.0,10,1900
491,491,0.32080619299999924,10.0,10,1900
492,492,0.3214652529999995,11.0,10,1900
493,493,0.3221171329999999,12.0,10,1900
494,494,0.3228534809999992,12.0,10,1900
495,495,0.3232431869999992,12.0,10,1900
496,496,0.32385565999999955,12.0,10,1900
497,497,0.3241997309999993,12.0,10,1900
498,498,0.3245401999999995,12.0,10,1900
499,499,0.325188163,12.0,10,1900
500,500,0.3258134549999996,12.0,10,1900
501,501,0.33269888199999986,12.0,10,1900
502,502,0.3330393649999994,12.0,10,1900
503,503,0.3333516269999999,12.0,10,1900
504,504,0.3339528859999996,13.0,10,1900
505,505,0.33454371799999993,14.0,10,1900
506,506,0.3351397139999994,14.0,10,1900
507,507,0.3354670859999995,14.0,10,1900
508,508,0.3361081479999992,14.0,10,1900
509,509,0.33669297599999926,14.0,10,1900
510,510,0.3373068419999994,13.0,10,1900
511,511,0.3376197489999999,13.0,10,1900
512,512,0.33794979999999963,13.0,10,1900
513,513,0.33855050900000005,14.0,10,1900
514,514,0.339133865,14.0,10,1900
515,515,0.3399234619999998,14.0,10,1900
516,516,0.34057857899999977,15.0,10,1900
517,517,0.34120767799999996,15.0,10,1900
518,518,0.3419240799999992,15.0,10,1900
519,519,0.3425175979999997,14.0,10,1900
520,520,0.3428479659999999,14.0,10,1900
521,521,0.3434596789999995,15.0,10,1900
522,522,0.34406685599999953,15.0,10,1900
523,523,0.3443919339999999,15.0,10,1900
524,524,0.34499989600000003,14.0,10,1900
525,525,0.34559494899999965,13.0,10,1900
526,526,0.34590978199999967,13.0,10,1900
527,527,0.34622733899999947,13.0,10,1900
528,528,0.34659153499999995,13.0,10,1900
529,529,0.3471856199999994,12.0,10,1900
530,530,0.3475133259999996,12.0,10,1900
531,531,0.34782347399999924,12.0,10,1900
532,532,0.34843802799999946,12.0,10,1900
533,533,0.3487642579999992,12.0,10,1900
534,534,0.34908928800000005,12.0,10,1900
535,535,0.3497926369999993,12.0,10,1900
536,536,0.3504815909999994,11.0,10,1900
537,537,0.35081145099999933,11.0,10,1900
538,538,0.3513944869999994,10.0,10,1900
539,539,0.35202198699999965,10.0,10,1900
540,540,0.3527097929999998,9.0,10,1900
541,541,0.35332742999999933,8.0,10,1900
542,542,0.3536484679999994,8.0,10,1900
543,543,0.35424516999999955,7.0,10,1900
544,544,0.35484878999999925,8.0,10,1900
545,545,0.355450877,8.0,10,1900
546,546,0.35585604999999987,8.0,10,1900
547,547,0.3565425039999992,8.0,10,1900
548,548,0.3571989869999994,7.0,10,1900
549,549,0.35778775100000004,8.0,10,1900
550,550,0.3580979769999999,8.0,10,1900
551,551,0.35840711999999986,8.0,10,1900
552,552,0.3587334519999992,8.0,10,1900
553,553,0.3590830089999999,8.0,10,1900
554,554,0.35969628699999934,7.0,10,1900
555,555,0.36028397499999976,7.0,10,1900
556,556,0.3610511859999992,8.0,10,1900
557,557,0.36139898199999987,8.0,10,1900
558,558,0.3620031319999999,8.0,10,1900
559,559,0.3626641939999997,7.0,10,1900
560,560,0.3630508799999994,7.0,10,1900
561,561,0.36338032199999937,7.0,10,1900
562,562,0.36370515199999964,7.0,10,1900
563,563,0.3644982849999998,7.0,10,1900
564,564,0.36483657199999975,7.0,10,1900
565,565,0.3654414579999994,7.0,10,1900
566,566,0.36576048899999947,7.0,10,1900
567,567,0.3663503669999999,7.0,10,1900
568,568,0.367095033,7.0,10,1900
569,569,0.36740769799999917,7.0,10,1900
570,570,0.36777667299999983,7.0,10,1900
571,571,0.36837866999999935,6.0,10,1900
572,572,0.3689816689999992,6.0,10,1900
573,573,0.3693067189999999,6.0,10,1900
574,574,0.36961596799999974,6.0,10,1900
575,575,0.37020612599999936,6.0,10,1900
576,576,0.37079282099999933,6.0,10,1900
577,577,0.371387844,7.0,10,1900
578,578,0.371717404,7.0,10,1900
579,579,0.37233029499999937,7.0,10,1900
580,580,0.37266161099999984,7.0,10,1900
581,581,0.373443752,7.0,10,1900
582,582,0.3741718169999997,7.0,10,1900
583,583,0.3745038489999999,7.0,10,1900
584,584,0.3748247489999992,7.0,10,1900
585,585,0.37557069899999984,7.0,10,1900
586,586,0.3762853039999996,7.0,10,1900
587,587,0.3769080219999994,7.0,10,1900
588,588,0.37751921199999927,8.0,10,1900
589,589,0.37785522999999976,8.0,10,1900
590,590,0.3784854759999998,7.0,10,1900
591,591,0.37917328499999936,7.0,10,1900
592,592,0.3798217639999999,7.0,10,1900
593,593,0.3801858839999994,7.0,10,1900
594,594,0.38052607199999944,7.0,10,1900
595,595,0.38085177799999936,7.0,10,1900
596,596,0.3811901319999995,7.0,10,1900
597,597,0.38150982099999986,7.0,10,1900
598,598,0.3818351039999994,7.0,10,1900
599,599,0.38216735899999943,7.0,10,1900
600,600,0.3827851099999995,5.0,10,1900
601,601,0.39081379599999977,5.0,10,1900
602,602,0.39113931399999924,5.0,10,1900
603,603,0.3914708179999993,5.0,10,1900
604,604,0.39206175099999996,5.0,10,1900
605,605,0.3923955709999998,5.0,10,1900
606,606,0.3927158049999999,5.0,10,1900
607,607,0.3930499739999993,5.0,10,1900
608,608,0.3936767589999999,5.0,10,1900
609,609,0.39437949999999944,5.0,10,1900
610,610,0.3950825189999998,5.0,10,1900
611,611,0.39542210999999927,5.0,10,1900
612,612,0.39574076199999997,5.0,10,1900
613,613,0.396061682,5.0,10,1900
614,614,0.39637626800000003,5.0,10,1900
615,615,0.3967069049999994,5.0,10,1900
616,616,0.3975349779999995,4.0,10,1900
617,617,0.39818668499999976,4.0,10,1900
618,618,0.3985089999999998,4.0,10,1900
619,619,0.3990978209999998,3.0,10,1900
620,620,0.39968795199999985,2.0,10,1900
621,621,0.4004477799999995,2.0,10,1900
622,622,0.40076563699999923,2.0,10,1900
623,623,0.4010952959999994,2.0,10,1900
624,624,0.4016980609999994,2.0,10,1900
625,625,0.4020291809999996,2.0,10,1900
626,626,0.4026300039999997,2.0,10,1900
627,627,0.40294477299999976,2.0,10,1900
628,628,0.40352942499999944,2.0,10,1900
629,629,0.4038620979999994,2.0,10,1900
630,630,0.40447748999999966,2.0,10,1900
631,631,0.4050666269999992,2.0,10,1900
632,632,0.4053827639999996,2.0,10,1900
633,633,0.4061886939999999,2.0,10,1900
634,634,0.40658008599999995,2.0,10,1900
635,635,0.4072790979999992,2.0,10,1900
636,636,0.40788716299999983,2.0,10,1900
637,637,0.4084828699999994,2.0,10,1900
638,638,0.4087993669999994,2.0,10,1900
639,639,0.40913337099999936,2.0,10,1900
640,640,0.4094487839999994,2.0,10,1900
641,641,0.40976764899999996,2.0,10,1900
642,642,0.4103989229999998,2.0,10,1900
643,643,0.4107344079999997,2.0,10,1900
644,644,0.41105511399999983,2.0,10,1900
645,645,0.4113860659999995,2.0,10,1900
646,646,0.4117118519999998,2.0,10,1900
647,647,0.4122993069999996,2.0,10,1900
648,648,0.4129037949999992,2.0,10,1900
649,649,0.4132386159999992,2.0,10,1900
650,650,0.4135602889999994,2.0,10,1900
651,651,0.41387413599999956,2.0,10,1900
652,652,0.41420780199999996,2.0,10,1900
653,653,0.41452143599999935,2.0,10,1900
654,654,0.4151293119999995,2.0,10,1900
655,655,0.4154872369999998,2.0,10,1900
656,656,0.4160737299999999,2.0,10,1900
657,657,0.4167456759999997,2.0,10,1900
658,658,0.4173614999999993,2.0,10,1900
659,659,0.41806241499999963,2.0,10,1900
660,660,0.418708112,2.0,10,1900
661,661,0.41932436799999984,3.0,10,1900
662,662,0.41964540899999925,3.0,10,1900
663,663,0.420251747,3.0,10,1900
664,664,0.4209995219999998,3.0,10,1900
665,665,0.42166162699999976,3.0,10,1900
666,666,0.4222714759999997,3.0,10,1900
667,667,0.42289089099999977,2.0,10,1900
668,668,0.42331701899999974,2.0,10,1900
669,669,0.4239624319999997,2.0,10,1900
670,670,0.4242786589999996,2.0,10,1900
671,671,0.4248786289999993,2.0,10,1900
672,672,0.4256742639999995,2.0,10,1900
673,673,0.42601877799999954,2.0,10,1900
674,674,0.4263583149999999,2.0,10,1900
675,675,0.42668617100000006,2.0,10,1900
676,676,0.42738792499999967,1.0,10,1900
677,677,0.4277269619999995,1.0,10,1900
678,678,0.4280586639999999,1.0,10,1900
679,679,0.4286829999999995,1.0,10,1900
680,680,0.4290935289999993,1.0,10,1900
681,681,0.4294316129999993,1.0,10,1900
682,682,0.43008183799999955,1.0,10,1900
683,683,0.43070498899999965,1.0,10,1900
684,684,0.4313173889999993,1.0,10,1900
685,685,0.4319666549999992,1.0,10,1900
686,686,0.432575645,1.0,10,1900
687,687,0.43317064599999977,1.0,10,1900
688,688,0.43354072899999974,1.0,10,1900
689,689,0.43414152499999936,1.0,10,1900
690,690,0.43457418599999986,1.0,10,1900
691,691,0.43496957300000005,1.0,10,1900
692,692,0.4352983969999995,1.0,10,1900
693,693,0.43563546999999936,1.0,10,1900
694,694,0.4362469709999992,2.0,10,1900
695,695,0.4368519449999999,2.0,10,1900
696,696,0.4372059099999994,2.0,10,1900
697,697,0.4376249369999998,2.0,10,1900
698,698,0.43812702999999953,2.0,10,1900
699,699,0.4387486039999997,1.0,10,1900
700,700,0.43942606499999926,2.0,10,1900
701,701,0.44701455799999934,2.0,10,1900
702,702,0.44733789999999996,2.0,10,1900
703,703,0.44773114599999975,2.0,10,1900
704,704,0.44805570199999956,2.0,10,1900
705,705,0.4487597819999998,3.0,10,1900
706,706,0.4491062499999998,3.0,10,1900
707,707,0.44942454099999996,3.0,10,1900
708,708,0.45004253199999944,3.0,10,1900
709,709,0.45063695399999926,3.0,10,1900
710,710,0.4512279079999999,3.0,10,1900
711,711,0.4518141919999996,3.0,10,1900
712,712,0.4521346469999994,3.0,10,1900
713,713,0.4524650369999996,3.0,10,1900
714,714,0.4531829469999993,3.0,10,1900
715,715,0.45371895499999937,3.0,10,1900
716,716,0.45404458299999995,3.0,10,1900
717,717,0.45523832299999967,3.0,10,1900
718,718,0.45588320299999996,3.0,10,1900
719,719,0.4563903179999995,3.0,10,1900
720,720,0.4568628539999997,3.0,10,1900
721,721,0.4577406169999998,3.0,10,1900
722,722,0.4580779699999997,3.0,10,1900
723,723,0.4584378849999995,3.0,10,1900
724,724,0.4591181439999996,3.0,10,1900
725,725,0.4594688259999993,3.0,10,1900
726,726,0.460075346,3.0,10,1900
727,727,0.4606863049999994,3.0,10,1900
728,728,0.46100776399999965,3.0,10,1900
729,729,0.46132283199999957,3.0,10,1900
730,730,0.461654094,3.0,10,1900
731,731,0.4622421499999998,3.0,10,1900
732,732,0.4629551569999997,3.0,10,1900
733,733,0.4634221079999996,3.0,10,1900
734,734,0.4641772789999994,3.0,10,1900
735,735,0.464503358,3.0,10,1900
736,736,0.4651101319999995,3.0,10,1900
737,737,0.4659460879999999,3.0,10,1900
738,738,0.4667453729999993,3.0,10,1900
739,739,0.46784330299999954,3.0,10,1900
740,740,0.4687549629999994,2.0,10,1900
741,741,0.46938893499999956,2.0,10,1900
742,742,0.4702086459999997,2.0,10,1900
743,743,0.4707716339999992,2.0,10,1900
744,744,0.4711373389999993,2.0,10,1900
745,745,0.47149915599999925,2.0,10,1900
746,746,0.47183965299999997,2.0,10,1900
747,747,0.4724607279999997,2.0,10,1900
748,748,0.47280376099999977,2.0,10,1900
749,749,0.47318623999999954,2.0,10,1900
750,750,0.4735505419999999,2.0,10,1900
751,751,0.47422157799999987,2.0,10,1900
752,752,0.4746247369999992,2.0,10,1900
753,753,0.4749998479999995,2.0,10,1900
754,754,0.4753523599999996,2.0,10,1900
755,755,0.4756960449999994,2.0,10,1900
756,756,0.4760542179999998,2.0,10,1900
757,757,0.47668643399999944,2.0,10,1900
758,758,0.47703632699999954,2.0,10,1900
759,759,0.4773803379999997,2.0,10,1900
760,760,0.4777939119999992,2.0,10,1900
761,761,0.4781481509999992,2.0,10,1900
762,762,0.47848512399999965,2.0,10,1900
763,763,0.4788191399999997,2.0,10,1900
764,764,0.47915436799999966,2.0,10,1900
765,765,0.47950582100000005,2.0,10,1900
766,766,0.4801365739999994,2.0,10,1900
767,767,0.4805837499999992,2.0,10,1900
768,768,0.48090894199999923,2.0,10,1900
769,769,0.4812280529999997,2.0,10,1900
770,770,0.4815494149999999,2.0,10,1900
771,771,0.4821344199999995,2.0,10,1900
772,772,0.48276280999999965,2.0,10,1900
773,773,0.48346761599999954,2.0,10,1900
774,774,0.4838014529999999,2.0,10,1900
775,775,0.4844065639999995,2.0,10,1900
776,776,0.4847393429999993,2.0,10,1900
777,777,0.4853896749999995,2.0,10,1900
778,778,0.4857064729999996,2.0,10,1900
779,779,0.486036586,2.0,10,1900
780,780,0.4863538699999994,2.0,10,1900
781,781,0.48668692700000005,2.0,10,1900
782,782,0.487282746,2.0,10,1900
783,783,0.4880811119999997,2.0,10,1900
784,784,0.48841410699999965,2.0,10,1900
785,785,0.48873329299999924,2.0,10,1900
786,786,0.48905311399999984,2.0,10,1900
787,787,0.48984665999999955,2.0,10,1900
788,788,0.49056285099999997,2.0,10,1900
789,789,0.49089651199999995,2.0,10,1900
790,790,0.4915816389999996,2.0,10,1900
791,791,0.49207402799999933,2.0,10,1900
792,792,0.492520045,2.0,10,1900
793,793,0.4928879159999999,2.0,10,1900
794,794,0.4935306759999998,2.0,10,1900
795,795,0.4938697989999996,2.0,10,1900
796,796,0.4945313579999997,2.0,10,1900
797,797,0.494897151,2.0,10,1900
798,798,0.4952578719999998,2.0,10,1900
799,799,0.4955940279999993,2.0,10,1900
800,800,0.49626431499999946,2.0,10,1900
801,801,0.5049934299999999,2.0,10,1900
802,802,0.5053364759999992,2.0,10,1900
803,803,0.5056646699999998,2.0,10,1900
804,804,0.5059881869999998,2.0,10,1900
805,805,0.5063270339999999,2.0,10,1900
806,806,0.5068255609999994,2.0,10,1900
807,807,0.5075248079999994,2.0,10,1900
808,808,0.5078723049999994,2.0,10,1900
809,809,0.508212704,2.0,10,1900
810,810,0.5088210209999993,2.0,10,1900
811,811,0.5091559709999993,2.0,10,1900
812,812,0.5094883449999994,2.0,10,1900
813,813,0.5100869729999999,1.0,10,1900
814,814,0.5105682059999994,1.0,10,1900
815,815,0.5109077389999994,1.0,10,1900
816,816,0.5112436339999995,1.0,10,1900
817,817,0.5115634949999999,1.0,10,1900
818,818,0.5119288699999993,1.0,10,1900
819,819,0.5122477889999999,1.0,10,1900
820,820,0.512905538,1.0,10,1900
821,821,0.513245028,1.0,10,1900
822,822,0.5135705859999993,1.0,10,1900
823,823,0.5142676239999995,1.0,10,1900
824,824,0.5146069439999996,1.0,10,1900
825,825,0.5152166059999992,1.0,10,1900
826,826,0.5155496769999992,1.0,10,1900
827,827,0.5158827689999992,1.0,10,1900
828,828,0.5162057999999998,1.0,10,1900
829,829,0.5166807999999996,1.0,10,1900
830,830,0.5173318139999994,1.0,10,1900
831,831,0.5176540549999995,1.0,10,1900
832,832,0.5179707129999995,1.0,10,1900
833,833,0.5185804709999999,1.0,10,1900
834,834,0.5191757479999994,1.0,10,1900
835,835,0.5195143359999994,1.0,10,1900
836,836,0.5198353769999997,1.0,10,1900
837,837,0.520171704,1.0,10,1900
838,838,0.5204874089999993,1.0,10,1900
839,839,0.5210741689999994,1.0,10,1900
840,840,0.5213961719999993,1.0,10,1900
841,841,0.521995961,1.0,10,1900
842,842,0.5226632739999992,1.0,10,1900
843,843,0.5231969679999997,1.0,10,1900
844,844,0.5235992389999993,1.0,10,1900
845,845,0.5239241149999998,1.0,10,1900
846,846,0.5242399359999999,1.0,10,1900
847,847,0.5248410339999996,0.0,10,1900
