,Iteration,Fitness,Time,State,Population Size,Mutation Rate,max_iters
0,0,18.0,0.003512816999999835,"[0, 3, 3, 9, 19, 21, 23, 6, 24, 24, 12, 1, 23, 24, 17, 25, 13, 8, 9, 20, 16, 5, 15, 0, 18, 24, 29, 19, 19, 14, 32, 1, 9, 32, 31, 10, 23, 11, 28, 0, 0, 5, 17, 15, 4, 31, 1, 1, 11, 18]",10,0.05,300
1,10,7.0,0.055853931000000134,"[27, 5, 0, 12, 9, 11, 4, 6, 28, 3, 10, 25, 15, 23, 32, 15, 13, 21, 32, 16, 31, 29, 30, 17, 29, 20, 7, 16, 22, 0, 23, 8, 6, 26, 22, 18, 20, 17, 27, 14, 10, 10, 13, 11, 30, 20, 30, 0, 29, 7]",10,0.05,300
2,25,5.0,0.1247308330000001,"[27, 5, 11, 12, 9, 11, 4, 6, 28, 3, 10, 25, 15, 23, 32, 15, 13, 21, 26, 16, 31, 29, 30, 17, 29, 3, 7, 4, 22, 0, 23, 8, 6, 26, 22, 18, 20, 17, 16, 14, 10, 10, 13, 11, 2, 6, 30, 15, 29, 7]",10,0.05,300
3,50,4.0,0.23143559999999974,"[27, 5, 11, 12, 9, 11, 4, 6, 28, 3, 0, 25, 15, 23, 32, 15, 13, 21, 26, 16, 31, 29, 30, 17, 29, 3, 7, 4, 22, 1, 23, 8, 6, 26, 22, 18, 20, 17, 16, 14, 10, 10, 13, 11, 2, 6, 30, 15, 29, 7]",10,0.05,300
4,75,4.0,0.34429276600000014,"[27, 5, 11, 12, 9, 11, 4, 6, 28, 3, 0, 25, 15, 23, 32, 15, 13, 21, 26, 16, 31, 29, 30, 17, 29, 3, 7, 4, 22, 1, 23, 8, 6, 26, 22, 18, 20, 17, 16, 14, 10, 10, 13, 11, 2, 6, 30, 15, 29, 7]",10,0.05,300
5,100,4.0,0.45231245399999986,"[27, 5, 11, 12, 9, 11, 4, 6, 28, 3, 0, 25, 15, 23, 32, 15, 13, 21, 26, 16, 31, 29, 30, 17, 29, 3, 7, 4, 22, 1, 23, 8, 6, 26, 22, 18, 20, 17, 16, 14, 10, 10, 13, 11, 2, 6, 30, 15, 29, 7]",10,0.05,300
6,125,3.0,0.5599398230000001,"[27, 5, 11, 12, 9, 11, 4, 6, 28, 3, 0, 25, 15, 23, 32, 15, 13, 21, 26, 18, 31, 29, 30, 17, 29, 3, 16, 4, 17, 1, 23, 8, 6, 26, 22, 18, 20, 17, 16, 2, 10, 10, 13, 11, 2, 6, 30, 15, 29, 7]",10,0.05,300
7,150,2.0,0.6687039389999998,"[27, 5, 11, 12, 9, 11, 4, 6, 28, 3, 0, 25, 15, 23, 32, 15, 13, 21, 26, 18, 31, 29, 30, 17, 29, 3, 16, 4, 17, 1, 23, 8, 6, 26, 22, 18, 20, 14, 16, 2, 10, 10, 13, 11, 22, 6, 30, 15, 29, 7]",10,0.05,300
8,175,2.0,0.777389189,"[27, 5, 11, 12, 9, 11, 4, 6, 28, 3, 0, 25, 15, 23, 32, 15, 13, 21, 26, 18, 31, 29, 30, 17, 29, 3, 16, 4, 17, 1, 23, 8, 6, 26, 22, 18, 20, 14, 16, 2, 10, 10, 13, 11, 22, 6, 30, 15, 29, 7]",10,0.05,300
9,200,2.0,0.8853004369999997,"[27, 5, 11, 12, 9, 11, 4, 6, 28, 3, 0, 25, 15, 23, 32, 15, 13, 21, 26, 18, 31, 29, 30, 17, 29, 3, 16, 4, 17, 1, 23, 8, 6, 26, 22, 18, 20, 14, 16, 2, 10, 10, 13, 11, 22, 6, 30, 15, 29, 7]",10,0.05,300
10,300,0.0,1.068292982,"[27, 5, 11, 12, 9, 11, 24, 6, 28, 3, 0, 7, 15, 23, 32, 15, 32, 21, 26, 18, 31, 29, 30, 17, 29, 3, 23, 4, 17, 1, 23, 8, 6, 26, 22, 18, 20, 14, 16, 2, 10, 10, 13, 11, 22, 25, 30, 15, 29, 7]",10,0.05,300
11,0,18.0,0.0033686589999999406,"[0, 3, 3, 9, 19, 21, 23, 6, 24, 24, 12, 1, 23, 24, 17, 25, 13, 8, 9, 20, 16, 5, 15, 0, 18, 24, 29, 19, 19, 14, 32, 1, 9, 32, 31, 10, 23, 11, 28, 0, 0, 5, 17, 15, 4, 31, 1, 1, 11, 18]",10,0.1,300
12,10,7.0,0.05178362699999983,"[27, 5, 11, 12, 9, 15, 4, 21, 28, 3, 10, 25, 15, 23, 23, 15, 13, 21, 32, 16, 31, 29, 30, 17, 7, 20, 7, 16, 22, 0, 5, 8, 6, 17, 22, 18, 20, 17, 27, 14, 1, 10, 13, 11, 30, 20, 32, 15, 18, 13]",10,0.1,300
13,25,6.0,0.1199993199999998,"[27, 5, 11, 12, 9, 15, 4, 21, 28, 3, 10, 25, 15, 23, 23, 15, 13, 21, 26, 16, 31, 29, 30, 0, 7, 20, 7, 16, 22, 0, 5, 8, 6, 17, 22, 18, 20, 17, 27, 14, 1, 10, 13, 11, 30, 20, 32, 15, 18, 13]",10,0.1,300
14,50,4.0,0.23055227899999986,"[27, 5, 11, 12, 9, 15, 4, 21, 28, 3, 10, 25, 15, 2, 23, 15, 13, 21, 26, 16, 31, 29, 30, 0, 7, 20, 7, 16, 22, 0, 5, 8, 6, 17, 22, 18, 20, 17, 27, 14, 1, 10, 0, 11, 30, 20, 32, 15, 18, 13]",10,0.1,300
15,75,3.0,0.3413728549999999,"[27, 5, 11, 12, 9, 15, 4, 21, 28, 3, 4, 25, 15, 2, 23, 15, 13, 21, 26, 16, 31, 29, 30, 0, 7, 20, 7, 16, 22, 0, 5, 8, 6, 17, 22, 18, 20, 17, 27, 14, 1, 10, 0, 11, 30, 20, 32, 15, 18, 13]",10,0.1,300
16,100,2.0,0.45083274000000007,"[27, 5, 11, 12, 9, 15, 4, 21, 28, 3, 4, 25, 15, 2, 23, 15, 13, 21, 26, 16, 31, 29, 30, 0, 7, 20, 7, 16, 22, 0, 5, 8, 6, 17, 22, 18, 20, 17, 30, 14, 1, 10, 0, 11, 30, 20, 32, 15, 18, 13]",10,0.1,300
17,125,1.0,0.5609433720000001,"[27, 5, 11, 12, 9, 15, 4, 21, 28, 3, 4, 25, 15, 2, 23, 15, 13, 21, 26, 16, 31, 29, 30, 0, 7, 20, 7, 16, 19, 0, 5, 8, 6, 17, 22, 18, 20, 17, 30, 14, 1, 10, 0, 11, 30, 20, 32, 15, 18, 13]",10,0.1,300
18,150,1.0,0.6681292079999994,"[27, 5, 11, 12, 9, 15, 4, 21, 28, 3, 4, 25, 15, 2, 23, 15, 13, 21, 26, 16, 31, 29, 30, 0, 7, 20, 7, 16, 19, 0, 5, 8, 6, 17, 22, 18, 20, 17, 30, 14, 1, 10, 0, 11, 30, 20, 32, 15, 18, 13]",10,0.1,300
19,175,1.0,0.7781299499999998,"[27, 5, 11, 12, 9, 15, 4, 21, 28, 3, 4, 25, 15, 2, 23, 15, 13, 21, 26, 16, 31, 29, 30, 0, 7, 20, 7, 16, 19, 0, 5, 8, 6, 17, 22, 18, 20, 17, 30, 14, 1, 10, 0, 11, 30, 20, 32, 15, 18, 13]",10,0.1,300
20,200,0.0,0.8434511399999995,"[27, 5, 11, 12, 9, 15, 4, 21, 28, 3, 4, 25, 15, 2, 23, 15, 13, 21, 26, 16, 31, 29, 30, 0, 7, 17, 7, 26, 19, 0, 5, 8, 6, 17, 22, 18, 20, 17, 30, 14, 1, 10, 0, 3, 30, 20, 32, 18, 18, 13]",10,0.1,300
21,300,0.0,0.8434511399999995,"[27, 5, 11, 12, 9, 15, 4, 21, 28, 3, 4, 25, 15, 2, 23, 15, 13, 21, 26, 16, 31, 29, 30, 0, 7, 17, 7, 26, 19, 0, 5, 8, 6, 17, 22, 18, 20, 17, 30, 14, 1, 10, 0, 3, 30, 20, 32, 18, 18, 13]",10,0.1,300
22,0,18.0,0.0037002719999996714,"[0, 3, 3, 9, 19, 21, 23, 6, 24, 24, 12, 1, 23, 24, 17, 25, 13, 8, 9, 20, 16, 5, 15, 0, 18, 24, 29, 19, 19, 14, 32, 1, 9, 32, 31, 10, 23, 11, 28, 0, 0, 5, 17, 15, 4, 31, 1, 1, 11, 18]",10,0.2,300
23,10,3.0,0.054128420999999705,"[30, 5, 0, 3, 20, 15, 7, 6, 28, 26, 12, 14, 15, 20, 18, 23, 13, 6, 32, 3, 4, 5, 24, 23, 21, 3, 16, 19, 22, 15, 25, 8, 2, 17, 3, 12, 20, 17, 27, 14, 1, 10, 24, 11, 30, 6, 32, 0, 29, 13]",10,0.2,300
24,25,2.0,0.12319116199999947,"[30, 5, 0, 3, 20, 15, 7, 6, 28, 26, 12, 14, 15, 20, 18, 23, 13, 6, 32, 3, 4, 5, 24, 23, 21, 25, 16, 19, 22, 15, 25, 8, 2, 17, 3, 12, 20, 17, 27, 14, 1, 10, 24, 11, 30, 6, 32, 0, 29, 13]",10,0.2,300
25,50,1.0,0.2318854219999995,"[30, 5, 0, 3, 20, 18, 7, 6, 28, 26, 12, 14, 15, 20, 18, 23, 13, 6, 32, 3, 4, 5, 24, 23, 21, 25, 16, 27, 22, 15, 25, 8, 6, 17, 3, 12, 20, 17, 27, 14, 1, 10, 2, 11, 30, 13, 32, 0, 29, 9]",10,0.2,300
26,75,1.0,0.3405086309999996,"[30, 5, 0, 3, 20, 18, 7, 6, 28, 26, 12, 14, 15, 20, 18, 23, 13, 6, 32, 3, 4, 5, 24, 23, 21, 25, 16, 27, 22, 15, 25, 8, 6, 17, 3, 12, 20, 17, 27, 14, 1, 10, 2, 11, 30, 13, 32, 0, 29, 9]",10,0.2,300
27,100,1.0,0.4545721399999998,"[30, 5, 0, 3, 20, 18, 7, 6, 28, 26, 12, 14, 15, 20, 18, 23, 13, 6, 32, 3, 4, 5, 24, 23, 21, 25, 16, 27, 22, 15, 25, 8, 6, 17, 3, 12, 20, 17, 27, 14, 1, 10, 2, 11, 30, 13, 32, 0, 29, 9]",10,0.2,300
28,125,0.0,0.5197829980000002,"[30, 5, 0, 4, 20, 18, 7, 6, 28, 26, 12, 14, 4, 20, 18, 23, 9, 6, 32, 3, 24, 5, 24, 23, 1, 25, 16, 27, 22, 15, 25, 8, 6, 17, 3, 12, 20, 17, 27, 14, 1, 10, 2, 17, 30, 13, 32, 0, 29, 9]",10,0.2,300
29,150,0.0,0.5197829980000002,"[30, 5, 0, 4, 20, 18, 7, 6, 28, 26, 12, 14, 4, 20, 18, 23, 9, 6, 32, 3, 24, 5, 24, 23, 1, 25, 16, 27, 22, 15, 25, 8, 6, 17, 3, 12, 20, 17, 27, 14, 1, 10, 2, 17, 30, 13, 32, 0, 29, 9]",10,0.2,300
30,175,0.0,0.5197829980000002,"[30, 5, 0, 4, 20, 18, 7, 6, 28, 26, 12, 14, 4, 20, 18, 23, 9, 6, 32, 3, 24, 5, 24, 23, 1, 25, 16, 27, 22, 15, 25, 8, 6, 17, 3, 12, 20, 17, 27, 14, 1, 10, 2, 17, 30, 13, 32, 0, 29, 9]",10,0.2,300
31,200,0.0,0.5197829980000002,"[30, 5, 0, 4, 20, 18, 7, 6, 28, 26, 12, 14, 4, 20, 18, 23, 9, 6, 32, 3, 24, 5, 24, 23, 1, 25, 16, 27, 22, 15, 25, 8, 6, 17, 3, 12, 20, 17, 27, 14, 1, 10, 2, 17, 30, 13, 32, 0, 29, 9]",10,0.2,300
32,300,0.0,0.5197829980000002,"[30, 5, 0, 4, 20, 18, 7, 6, 28, 26, 12, 14, 4, 20, 18, 23, 9, 6, 32, 3, 24, 5, 24, 23, 1, 25, 16, 27, 22, 15, 25, 8, 6, 17, 3, 12, 20, 17, 27, 14, 1, 10, 2, 17, 30, 13, 32, 0, 29, 9]",10,0.2,300
33,0,18.0,0.0036764419999997244,"[0, 3, 3, 9, 19, 21, 23, 6, 24, 24, 12, 1, 23, 24, 17, 25, 13, 8, 9, 20, 16, 5, 15, 0, 18, 24, 29, 19, 19, 14, 32, 1, 9, 32, 31, 10, 23, 11, 28, 0, 0, 5, 17, 15, 4, 31, 1, 1, 11, 18]",10,0.3,300
34,10,7.0,0.0558713019999999,"[10, 5, 0, 3, 15, 15, 11, 21, 31, 26, 10, 14, 18, 20, 23, 23, 13, 14, 5, 13, 26, 16, 24, 6, 21, 13, 16, 19, 22, 6, 23, 8, 6, 17, 7, 20, 18, 12, 16, 29, 1, 4, 24, 30, 2, 18, 30, 27, 29, 22]",10,0.3,300
35,25,3.0,0.12654011199999982,"[11, 5, 0, 12, 20, 15, 11, 21, 31, 26, 10, 14, 3, 20, 23, 23, 13, 14, 5, 13, 26, 16, 24, 6, 21, 13, 16, 19, 22, 25, 23, 8, 4, 17, 7, 20, 18, 15, 16, 29, 1, 4, 24, 30, 2, 18, 30, 27, 29, 22]",10,0.3,300
36,50,0.0,0.20734416400000022,"[11, 5, 0, 12, 20, 15, 14, 21, 31, 26, 10, 14, 3, 20, 23, 30, 13, 14, 5, 13, 26, 16, 19, 6, 21, 13, 16, 19, 22, 25, 23, 8, 4, 17, 7, 20, 18, 15, 16, 29, 1, 4, 24, 30, 2, 18, 31, 27, 27, 22]",10,0.3,300
37,75,0.0,0.20734416400000022,"[11, 5, 0, 12, 20, 15, 14, 21, 31, 26, 10, 14, 3, 20, 23, 30, 13, 14, 5, 13, 26, 16, 19, 6, 21, 13, 16, 19, 22, 25, 23, 8, 4, 17, 7, 20, 18, 15, 16, 29, 1, 4, 24, 30, 2, 18, 31, 27, 27, 22]",10,0.3,300
38,100,0.0,0.20734416400000022,"[11, 5, 0, 12, 20, 15, 14, 21, 31, 26, 10, 14, 3, 20, 23, 30, 13, 14, 5, 13, 26, 16, 19, 6, 21, 13, 16, 19, 22, 25, 23, 8, 4, 17, 7, 20, 18, 15, 16, 29, 1, 4, 24, 30, 2, 18, 31, 27, 27, 22]",10,0.3,300
39,125,0.0,0.20734416400000022,"[11, 5, 0, 12, 20, 15, 14, 21, 31, 26, 10, 14, 3, 20, 23, 30, 13, 14, 5, 13, 26, 16, 19, 6, 21, 13, 16, 19, 22, 25, 23, 8, 4, 17, 7, 20, 18, 15, 16, 29, 1, 4, 24, 30, 2, 18, 31, 27, 27, 22]",10,0.3,300
40,150,0.0,0.20734416400000022,"[11, 5, 0, 12, 20, 15, 14, 21, 31, 26, 10, 14, 3, 20, 23, 30, 13, 14, 5, 13, 26, 16, 19, 6, 21, 13, 16, 19, 22, 25, 23, 8, 4, 17, 7, 20, 18, 15, 16, 29, 1, 4, 24, 30, 2, 18, 31, 27, 27, 22]",10,0.3,300
41,175,0.0,0.20734416400000022,"[11, 5, 0, 12, 20, 15, 14, 21, 31, 26, 10, 14, 3, 20, 23, 30, 13, 14, 5, 13, 26, 16, 19, 6, 21, 13, 16, 19, 22, 25, 23, 8, 4, 17, 7, 20, 18, 15, 16, 29, 1, 4, 24, 30, 2, 18, 31, 27, 27, 22]",10,0.3,300
42,200,0.0,0.20734416400000022,"[11, 5, 0, 12, 20, 15, 14, 21, 31, 26, 10, 14, 3, 20, 23, 30, 13, 14, 5, 13, 26, 16, 19, 6, 21, 13, 16, 19, 22, 25, 23, 8, 4, 17, 7, 20, 18, 15, 16, 29, 1, 4, 24, 30, 2, 18, 31, 27, 27, 22]",10,0.3,300
43,300,0.0,0.20734416400000022,"[11, 5, 0, 12, 20, 15, 14, 21, 31, 26, 10, 14, 3, 20, 23, 30, 13, 14, 5, 13, 26, 16, 19, 6, 21, 13, 16, 19, 22, 25, 23, 8, 4, 17, 7, 20, 18, 15, 16, 29, 1, 4, 24, 30, 2, 18, 31, 27, 27, 22]",10,0.3,300
44,0,18.0,0.003990369999999466,"[0, 3, 3, 9, 19, 21, 23, 6, 24, 24, 12, 1, 23, 24, 17, 25, 13, 8, 9, 20, 16, 5, 15, 0, 18, 24, 29, 19, 19, 14, 32, 1, 9, 32, 31, 10, 23, 11, 28, 0, 0, 5, 17, 15, 4, 31, 1, 1, 11, 18]",10,0.4,300
45,10,7.0,0.05778460400000007,"[27, 0, 27, 12, 17, 19, 7, 29, 28, 12, 0, 16, 2, 8, 32, 26, 13, 14, 5, 6, 24, 29, 3, 0, 17, 20, 15, 4, 13, 30, 18, 9, 26, 30, 22, 18, 15, 26, 17, 14, 10, 10, 22, 11, 2, 16, 30, 15, 19, 7]",10,0.4,300
46,25,4.0,0.12789455199999988,"[21, 1, 27, 28, 17, 27, 7, 29, 25, 12, 0, 16, 2, 8, 32, 26, 13, 14, 5, 6, 24, 29, 3, 0, 29, 20, 15, 18, 13, 30, 23, 9, 2, 30, 22, 12, 15, 26, 17, 14, 7, 10, 22, 11, 2, 16, 30, 5, 19, 7]",10,0.4,300
47,50,2.0,0.23922118299999973,"[21, 1, 27, 28, 17, 26, 7, 23, 25, 12, 0, 16, 2, 8, 32, 26, 13, 6, 5, 6, 24, 29, 3, 0, 29, 20, 11, 18, 13, 30, 23, 9, 2, 30, 22, 12, 15, 26, 17, 14, 7, 10, 21, 11, 2, 16, 30, 5, 19, 7]",10,0.4,300
48,75,1.0,0.35002521399999953,"[21, 1, 27, 28, 17, 26, 4, 23, 25, 12, 0, 16, 2, 8, 32, 26, 13, 6, 5, 6, 24, 29, 3, 29, 29, 20, 11, 18, 13, 30, 23, 9, 2, 14, 22, 12, 15, 26, 17, 14, 7, 10, 21, 11, 2, 16, 30, 5, 19, 7]",10,0.4,300
49,100,0.0,0.43822891399999975,"[21, 1, 27, 28, 17, 26, 4, 23, 24, 12, 0, 16, 2, 8, 4, 26, 13, 6, 5, 6, 24, 29, 3, 29, 29, 20, 11, 18, 13, 21, 23, 9, 2, 30, 22, 1, 15, 26, 17, 14, 7, 10, 21, 11, 5, 16, 30, 5, 19, 7]",10,0.4,300
50,125,0.0,0.43822891399999975,"[21, 1, 27, 28, 17, 26, 4, 23, 24, 12, 0, 16, 2, 8, 4, 26, 13, 6, 5, 6, 24, 29, 3, 29, 29, 20, 11, 18, 13, 21, 23, 9, 2, 30, 22, 1, 15, 26, 17, 14, 7, 10, 21, 11, 5, 16, 30, 5, 19, 7]",10,0.4,300
51,150,0.0,0.43822891399999975,"[21, 1, 27, 28, 17, 26, 4, 23, 24, 12, 0, 16, 2, 8, 4, 26, 13, 6, 5, 6, 24, 29, 3, 29, 29, 20, 11, 18, 13, 21, 23, 9, 2, 30, 22, 1, 15, 26, 17, 14, 7, 10, 21, 11, 5, 16, 30, 5, 19, 7]",10,0.4,300
52,175,0.0,0.43822891399999975,"[21, 1, 27, 28, 17, 26, 4, 23, 24, 12, 0, 16, 2, 8, 4, 26, 13, 6, 5, 6, 24, 29, 3, 29, 29, 20, 11, 18, 13, 21, 23, 9, 2, 30, 22, 1, 15, 26, 17, 14, 7, 10, 21, 11, 5, 16, 30, 5, 19, 7]",10,0.4,300
53,200,0.0,0.43822891399999975,"[21, 1, 27, 28, 17, 26, 4, 23, 24, 12, 0, 16, 2, 8, 4, 26, 13, 6, 5, 6, 24, 29, 3, 29, 29, 20, 11, 18, 13, 21, 23, 9, 2, 30, 22, 1, 15, 26, 17, 14, 7, 10, 21, 11, 5, 16, 30, 5, 19, 7]",10,0.4,300
54,300,0.0,0.43822891399999975,"[21, 1, 27, 28, 17, 26, 4, 23, 24, 12, 0, 16, 2, 8, 4, 26, 13, 6, 5, 6, 24, 29, 3, 29, 29, 20, 11, 18, 13, 21, 23, 9, 2, 30, 22, 1, 15, 26, 17, 14, 7, 10, 21, 11, 5, 16, 30, 5, 19, 7]",10,0.4,300
55,0,18.0,0.016248861000000225,"[0, 3, 3, 9, 19, 21, 23, 6, 24, 24, 12, 1, 23, 24, 17, 25, 13, 8, 9, 20, 16, 5, 15, 0, 18, 24, 29, 19, 19, 14, 32, 1, 9, 32, 31, 10, 23, 11, 28, 0, 0, 5, 17, 15, 4, 31, 1, 1, 11, 18]",50,0.05,300
56,10,5.0,0.21520611099999964,"[12, 0, 28, 3, 24, 7, 11, 15, 13, 14, 4, 30, 18, 6, 15, 27, 16, 8, 5, 8, 14, 10, 4, 20, 23, 16, 17, 12, 27, 2, 24, 23, 28, 25, 3, 4, 31, 5, 21, 9, 5, 9, 25, 24, 7, 19, 16, 7, 20, 11]",50,0.05,300
57,25,1.0,0.5118964550000005,"[32, 0, 28, 3, 1, 7, 9, 10, 29, 24, 10, 30, 18, 6, 15, 0, 16, 27, 5, 8, 4, 22, 30, 20, 23, 16, 17, 26, 27, 2, 20, 25, 28, 17, 5, 4, 7, 32, 31, 29, 13, 28, 21, 24, 30, 19, 8, 5, 20, 22]",50,0.05,300
58,50,0.0,0.5582766719999999,"[32, 10, 28, 3, 1, 6, 9, 12, 29, 14, 10, 30, 18, 6, 9, 0, 7, 27, 5, 8, 4, 22, 27, 18, 23, 19, 17, 26, 16, 2, 20, 25, 28, 17, 3, 4, 31, 4, 31, 29, 13, 28, 21, 24, 30, 19, 8, 7, 13, 22]",50,0.05,300
59,75,0.0,0.5582766719999999,"[32, 10, 28, 3, 1, 6, 9, 12, 29, 14, 10, 30, 18, 6, 9, 0, 7, 27, 5, 8, 4, 22, 27, 18, 23, 19, 17, 26, 16, 2, 20, 25, 28, 17, 3, 4, 31, 4, 31, 29, 13, 28, 21, 24, 30, 19, 8, 7, 13, 22]",50,0.05,300
60,100,0.0,0.5582766719999999,"[32, 10, 28, 3, 1, 6, 9, 12, 29, 14, 10, 30, 18, 6, 9, 0, 7, 27, 5, 8, 4, 22, 27, 18, 23, 19, 17, 26, 16, 2, 20, 25, 28, 17, 3, 4, 31, 4, 31, 29, 13, 28, 21, 24, 30, 19, 8, 7, 13, 22]",50,0.05,300
61,125,0.0,0.5582766719999999,"[32, 10, 28, 3, 1, 6, 9, 12, 29, 14, 10, 30, 18, 6, 9, 0, 7, 27, 5, 8, 4, 22, 27, 18, 23, 19, 17, 26, 16, 2, 20, 25, 28, 17, 3, 4, 31, 4, 31, 29, 13, 28, 21, 24, 30, 19, 8, 7, 13, 22]",50,0.05,300
62,150,0.0,0.5582766719999999,"[32, 10, 28, 3, 1, 6, 9, 12, 29, 14, 10, 30, 18, 6, 9, 0, 7, 27, 5, 8, 4, 22, 27, 18, 23, 19, 17, 26, 16, 2, 20, 25, 28, 17, 3, 4, 31, 4, 31, 29, 13, 28, 21, 24, 30, 19, 8, 7, 13, 22]",50,0.05,300
63,175,0.0,0.5582766719999999,"[32, 10, 28, 3, 1, 6, 9, 12, 29, 14, 10, 30, 18, 6, 9, 0, 7, 27, 5, 8, 4, 22, 27, 18, 23, 19, 17, 26, 16, 2, 20, 25, 28, 17, 3, 4, 31, 4, 31, 29, 13, 28, 21, 24, 30, 19, 8, 7, 13, 22]",50,0.05,300
64,200,0.0,0.5582766719999999,"[32, 10, 28, 3, 1, 6, 9, 12, 29, 14, 10, 30, 18, 6, 9, 0, 7, 27, 5, 8, 4, 22, 27, 18, 23, 19, 17, 26, 16, 2, 20, 25, 28, 17, 3, 4, 31, 4, 31, 29, 13, 28, 21, 24, 30, 19, 8, 7, 13, 22]",50,0.05,300
65,300,0.0,0.5582766719999999,"[32, 10, 28, 3, 1, 6, 9, 12, 29, 14, 10, 30, 18, 6, 9, 0, 7, 27, 5, 8, 4, 22, 27, 18, 23, 19, 17, 26, 16, 2, 20, 25, 28, 17, 3, 4, 31, 4, 31, 29, 13, 28, 21, 24, 30, 19, 8, 7, 13, 22]",50,0.05,300
66,0,18.0,0.017279121999999703,"[0, 3, 3, 9, 19, 21, 23, 6, 24, 24, 12, 1, 23, 24, 17, 25, 13, 8, 9, 20, 16, 5, 15, 0, 18, 24, 29, 19, 19, 14, 32, 1, 9, 32, 31, 10, 23, 11, 28, 0, 0, 5, 17, 15, 4, 31, 1, 1, 11, 18]",50,0.1,300
67,10,5.0,0.21187282600000046,"[15, 20, 28, 27, 24, 26, 2, 27, 21, 24, 5, 22, 17, 27, 22, 9, 7, 27, 26, 3, 3, 25, 30, 1, 25, 19, 13, 21, 11, 20, 18, 16, 8, 29, 0, 2, 32, 27, 13, 9, 5, 23, 22, 11, 2, 21, 30, 2, 25, 21]",50,0.1,300
68,25,0.0,0.44690336200000047,"[15, 20, 28, 27, 24, 28, 2, 27, 21, 31, 12, 22, 7, 4, 22, 23, 11, 13, 26, 3, 3, 25, 30, 18, 25, 19, 13, 5, 11, 20, 0, 16, 8, 20, 0, 2, 32, 1, 4, 9, 12, 23, 10, 24, 29, 6, 32, 2, 25, 21]",50,0.1,300
69,50,0.0,0.44690336200000047,"[15, 20, 28, 27, 24, 28, 2, 27, 21, 31, 12, 22, 7, 4, 22, 23, 11, 13, 26, 3, 3, 25, 30, 18, 25, 19, 13, 5, 11, 20, 0, 16, 8, 20, 0, 2, 32, 1, 4, 9, 12, 23, 10, 24, 29, 6, 32, 2, 25, 21]",50,0.1,300
70,75,0.0,0.44690336200000047,"[15, 20, 28, 27, 24, 28, 2, 27, 21, 31, 12, 22, 7, 4, 22, 23, 11, 13, 26, 3, 3, 25, 30, 18, 25, 19, 13, 5, 11, 20, 0, 16, 8, 20, 0, 2, 32, 1, 4, 9, 12, 23, 10, 24, 29, 6, 32, 2, 25, 21]",50,0.1,300
71,100,0.0,0.44690336200000047,"[15, 20, 28, 27, 24, 28, 2, 27, 21, 31, 12, 22, 7, 4, 22, 23, 11, 13, 26, 3, 3, 25, 30, 18, 25, 19, 13, 5, 11, 20, 0, 16, 8, 20, 0, 2, 32, 1, 4, 9, 12, 23, 10, 24, 29, 6, 32, 2, 25, 21]",50,0.1,300
72,125,0.0,0.44690336200000047,"[15, 20, 28, 27, 24, 28, 2, 27, 21, 31, 12, 22, 7, 4, 22, 23, 11, 13, 26, 3, 3, 25, 30, 18, 25, 19, 13, 5, 11, 20, 0, 16, 8, 20, 0, 2, 32, 1, 4, 9, 12, 23, 10, 24, 29, 6, 32, 2, 25, 21]",50,0.1,300
73,150,0.0,0.44690336200000047,"[15, 20, 28, 27, 24, 28, 2, 27, 21, 31, 12, 22, 7, 4, 22, 23, 11, 13, 26, 3, 3, 25, 30, 18, 25, 19, 13, 5, 11, 20, 0, 16, 8, 20, 0, 2, 32, 1, 4, 9, 12, 23, 10, 24, 29, 6, 32, 2, 25, 21]",50,0.1,300
74,175,0.0,0.44690336200000047,"[15, 20, 28, 27, 24, 28, 2, 27, 21, 31, 12, 22, 7, 4, 22, 23, 11, 13, 26, 3, 3, 25, 30, 18, 25, 19, 13, 5, 11, 20, 0, 16, 8, 20, 0, 2, 32, 1, 4, 9, 12, 23, 10, 24, 29, 6, 32, 2, 25, 21]",50,0.1,300
75,200,0.0,0.44690336200000047,"[15, 20, 28, 27, 24, 28, 2, 27, 21, 31, 12, 22, 7, 4, 22, 23, 11, 13, 26, 3, 3, 25, 30, 18, 25, 19, 13, 5, 11, 20, 0, 16, 8, 20, 0, 2, 32, 1, 4, 9, 12, 23, 10, 24, 29, 6, 32, 2, 25, 21]",50,0.1,300
76,300,0.0,0.44690336200000047,"[15, 20, 28, 27, 24, 28, 2, 27, 21, 31, 12, 22, 7, 4, 22, 23, 11, 13, 26, 3, 3, 25, 30, 18, 25, 19, 13, 5, 11, 20, 0, 16, 8, 20, 0, 2, 32, 1, 4, 9, 12, 23, 10, 24, 29, 6, 32, 2, 25, 21]",50,0.1,300
77,0,18.0,0.01747407600000006,"[0, 3, 3, 9, 19, 21, 23, 6, 24, 24, 12, 1, 23, 24, 17, 25, 13, 8, 9, 20, 16, 5, 15, 0, 18, 24, 29, 19, 19, 14, 32, 1, 9, 32, 31, 10, 23, 11, 28, 0, 0, 5, 17, 15, 4, 31, 1, 1, 11, 18]",50,0.2,300
78,10,7.0,0.21762459600000028,"[11, 20, 4, 4, 29, 27, 19, 13, 26, 9, 31, 20, 17, 7, 21, 28, 7, 3, 7, 8, 5, 4, 27, 1, 24, 16, 2, 11, 31, 10, 20, 25, 22, 15, 5, 19, 7, 32, 23, 27, 17, 9, 22, 11, 23, 6, 12, 5, 29, 26]",50,0.2,300
79,25,2.0,0.5076101150000003,"[27, 2, 6, 4, 26, 24, 19, 22, 9, 14, 5, 8, 29, 11, 23, 15, 7, 21, 9, 19, 4, 31, 10, 3, 23, 16, 13, 9, 31, 20, 32, 30, 1, 22, 32, 19, 3, 17, 10, 29, 25, 29, 1, 0, 30, 30, 8, 6, 17, 13]",50,0.2,300
80,50,0.0,0.5735909929999998,"[27, 2, 6, 4, 24, 27, 0, 22, 4, 14, 14, 8, 9, 11, 23, 15, 7, 21, 5, 19, 4, 31, 10, 3, 23, 16, 13, 11, 31, 20, 20, 30, 22, 15, 17, 19, 26, 17, 12, 29, 25, 32, 1, 0, 30, 30, 30, 6, 17, 13]",50,0.2,300
81,75,0.0,0.5735909929999998,"[27, 2, 6, 4, 24, 27, 0, 22, 4, 14, 14, 8, 9, 11, 23, 15, 7, 21, 5, 19, 4, 31, 10, 3, 23, 16, 13, 11, 31, 20, 20, 30, 22, 15, 17, 19, 26, 17, 12, 29, 25, 32, 1, 0, 30, 30, 30, 6, 17, 13]",50,0.2,300
82,100,0.0,0.5735909929999998,"[27, 2, 6, 4, 24, 27, 0, 22, 4, 14, 14, 8, 9, 11, 23, 15, 7, 21, 5, 19, 4, 31, 10, 3, 23, 16, 13, 11, 31, 20, 20, 30, 22, 15, 17, 19, 26, 17, 12, 29, 25, 32, 1, 0, 30, 30, 30, 6, 17, 13]",50,0.2,300
83,125,0.0,0.5735909929999998,"[27, 2, 6, 4, 24, 27, 0, 22, 4, 14, 14, 8, 9, 11, 23, 15, 7, 21, 5, 19, 4, 31, 10, 3, 23, 16, 13, 11, 31, 20, 20, 30, 22, 15, 17, 19, 26, 17, 12, 29, 25, 32, 1, 0, 30, 30, 30, 6, 17, 13]",50,0.2,300
84,150,0.0,0.5735909929999998,"[27, 2, 6, 4, 24, 27, 0, 22, 4, 14, 14, 8, 9, 11, 23, 15, 7, 21, 5, 19, 4, 31, 10, 3, 23, 16, 13, 11, 31, 20, 20, 30, 22, 15, 17, 19, 26, 17, 12, 29, 25, 32, 1, 0, 30, 30, 30, 6, 17, 13]",50,0.2,300
85,175,0.0,0.5735909929999998,"[27, 2, 6, 4, 24, 27, 0, 22, 4, 14, 14, 8, 9, 11, 23, 15, 7, 21, 5, 19, 4, 31, 10, 3, 23, 16, 13, 11, 31, 20, 20, 30, 22, 15, 17, 19, 26, 17, 12, 29, 25, 32, 1, 0, 30, 30, 30, 6, 17, 13]",50,0.2,300
86,200,0.0,0.5735909929999998,"[27, 2, 6, 4, 24, 27, 0, 22, 4, 14, 14, 8, 9, 11, 23, 15, 7, 21, 5, 19, 4, 31, 10, 3, 23, 16, 13, 11, 31, 20, 20, 30, 22, 15, 17, 19, 26, 17, 12, 29, 25, 32, 1, 0, 30, 30, 30, 6, 17, 13]",50,0.2,300
87,300,0.0,0.5735909929999998,"[27, 2, 6, 4, 24, 27, 0, 22, 4, 14, 14, 8, 9, 11, 23, 15, 7, 21, 5, 19, 4, 31, 10, 3, 23, 16, 13, 11, 31, 20, 20, 30, 22, 15, 17, 19, 26, 17, 12, 29, 25, 32, 1, 0, 30, 30, 30, 6, 17, 13]",50,0.2,300
88,0,18.0,0.017446018999999424,"[0, 3, 3, 9, 19, 21, 23, 6, 24, 24, 12, 1, 23, 24, 17, 25, 13, 8, 9, 20, 16, 5, 15, 0, 18, 24, 29, 19, 19, 14, 32, 1, 9, 32, 31, 10, 23, 11, 28, 0, 0, 5, 17, 15, 4, 31, 1, 1, 11, 18]",50,0.3,300
89,10,4.0,0.21723159499999944,"[11, 20, 4, 4, 24, 6, 19, 26, 26, 9, 27, 14, 18, 6, 9, 28, 29, 14, 7, 8, 32, 17, 4, 25, 24, 16, 2, 11, 31, 10, 20, 3, 28, 18, 5, 14, 15, 32, 23, 8, 0, 21, 30, 3, 23, 30, 4, 18, 12, 22]",50,0.3,300
90,25,0.0,0.47205296099999927,"[11, 20, 2, 4, 26, 27, 19, 13, 26, 31, 27, 30, 18, 6, 9, 28, 16, 14, 7, 8, 32, 17, 22, 25, 13, 19, 29, 11, 31, 10, 2, 3, 28, 29, 1, 14, 15, 32, 23, 8, 0, 21, 30, 3, 23, 6, 4, 18, 20, 22]",50,0.3,300
91,50,0.0,0.47205296099999927,"[11, 20, 2, 4, 26, 27, 19, 13, 26, 31, 27, 30, 18, 6, 9, 28, 16, 14, 7, 8, 32, 17, 22, 25, 13, 19, 29, 11, 31, 10, 2, 3, 28, 29, 1, 14, 15, 32, 23, 8, 0, 21, 30, 3, 23, 6, 4, 18, 20, 22]",50,0.3,300
92,75,0.0,0.47205296099999927,"[11, 20, 2, 4, 26, 27, 19, 13, 26, 31, 27, 30, 18, 6, 9, 28, 16, 14, 7, 8, 32, 17, 22, 25, 13, 19, 29, 11, 31, 10, 2, 3, 28, 29, 1, 14, 15, 32, 23, 8, 0, 21, 30, 3, 23, 6, 4, 18, 20, 22]",50,0.3,300
93,100,0.0,0.47205296099999927,"[11, 20, 2, 4, 26, 27, 19, 13, 26, 31, 27, 30, 18, 6, 9, 28, 16, 14, 7, 8, 32, 17, 22, 25, 13, 19, 29, 11, 31, 10, 2, 3, 28, 29, 1, 14, 15, 32, 23, 8, 0, 21, 30, 3, 23, 6, 4, 18, 20, 22]",50,0.3,300
94,125,0.0,0.47205296099999927,"[11, 20, 2, 4, 26, 27, 19, 13, 26, 31, 27, 30, 18, 6, 9, 28, 16, 14, 7, 8, 32, 17, 22, 25, 13, 19, 29, 11, 31, 10, 2, 3, 28, 29, 1, 14, 15, 32, 23, 8, 0, 21, 30, 3, 23, 6, 4, 18, 20, 22]",50,0.3,300
95,150,0.0,0.47205296099999927,"[11, 20, 2, 4, 26, 27, 19, 13, 26, 31, 27, 30, 18, 6, 9, 28, 16, 14, 7, 8, 32, 17, 22, 25, 13, 19, 29, 11, 31, 10, 2, 3, 28, 29, 1, 14, 15, 32, 23, 8, 0, 21, 30, 3, 23, 6, 4, 18, 20, 22]",50,0.3,300
96,175,0.0,0.47205296099999927,"[11, 20, 2, 4, 26, 27, 19, 13, 26, 31, 27, 30, 18, 6, 9, 28, 16, 14, 7, 8, 32, 17, 22, 25, 13, 19, 29, 11, 31, 10, 2, 3, 28, 29, 1, 14, 15, 32, 23, 8, 0, 21, 30, 3, 23, 6, 4, 18, 20, 22]",50,0.3,300
97,200,0.0,0.47205296099999927,"[11, 20, 2, 4, 26, 27, 19, 13, 26, 31, 27, 30, 18, 6, 9, 28, 16, 14, 7, 8, 32, 17, 22, 25, 13, 19, 29, 11, 31, 10, 2, 3, 28, 29, 1, 14, 15, 32, 23, 8, 0, 21, 30, 3, 23, 6, 4, 18, 20, 22]",50,0.3,300
98,300,0.0,0.47205296099999927,"[11, 20, 2, 4, 26, 27, 19, 13, 26, 31, 27, 30, 18, 6, 9, 28, 16, 14, 7, 8, 32, 17, 22, 25, 13, 19, 29, 11, 31, 10, 2, 3, 28, 29, 1, 14, 15, 32, 23, 8, 0, 21, 30, 3, 23, 6, 4, 18, 20, 22]",50,0.3,300
99,0,18.0,0.017235357999999756,"[0, 3, 3, 9, 19, 21, 23, 6, 24, 24, 12, 1, 23, 24, 17, 25, 13, 8, 9, 20, 16, 5, 15, 0, 18, 24, 29, 19, 19, 14, 32, 1, 9, 32, 31, 10, 23, 11, 28, 0, 0, 5, 17, 15, 4, 31, 1, 1, 11, 18]",50,0.4,300
100,10,3.0,0.21855473099999934,"[15, 17, 19, 13, 26, 21, 9, 13, 21, 24, 5, 5, 15, 26, 21, 22, 14, 6, 26, 25, 4, 31, 27, 3, 13, 17, 23, 3, 27, 14, 20, 25, 15, 17, 9, 19, 7, 16, 31, 29, 30, 32, 18, 0, 13, 9, 8, 25, 25, 16]",50,0.4,300
101,25,0.0,0.38192087699999977,"[23, 17, 19, 19, 26, 21, 9, 13, 6, 24, 12, 5, 15, 14, 21, 22, 14, 8, 7, 25, 4, 31, 27, 3, 13, 11, 2, 3, 27, 7, 20, 28, 11, 17, 5, 19, 31, 22, 31, 29, 30, 32, 18, 0, 15, 9, 8, 25, 25, 16]",50,0.4,300
102,50,0.0,0.38192087699999977,"[23, 17, 19, 19, 26, 21, 9, 13, 6, 24, 12, 5, 15, 14, 21, 22, 14, 8, 7, 25, 4, 31, 27, 3, 13, 11, 2, 3, 27, 7, 20, 28, 11, 17, 5, 19, 31, 22, 31, 29, 30, 32, 18, 0, 15, 9, 8, 25, 25, 16]",50,0.4,300
103,75,0.0,0.38192087699999977,"[23, 17, 19, 19, 26, 21, 9, 13, 6, 24, 12, 5, 15, 14, 21, 22, 14, 8, 7, 25, 4, 31, 27, 3, 13, 11, 2, 3, 27, 7, 20, 28, 11, 17, 5, 19, 31, 22, 31, 29, 30, 32, 18, 0, 15, 9, 8, 25, 25, 16]",50,0.4,300
104,100,0.0,0.38192087699999977,"[23, 17, 19, 19, 26, 21, 9, 13, 6, 24, 12, 5, 15, 14, 21, 22, 14, 8, 7, 25, 4, 31, 27, 3, 13, 11, 2, 3, 27, 7, 20, 28, 11, 17, 5, 19, 31, 22, 31, 29, 30, 32, 18, 0, 15, 9, 8, 25, 25, 16]",50,0.4,300
105,125,0.0,0.38192087699999977,"[23, 17, 19, 19, 26, 21, 9, 13, 6, 24, 12, 5, 15, 14, 21, 22, 14, 8, 7, 25, 4, 31, 27, 3, 13, 11, 2, 3, 27, 7, 20, 28, 11, 17, 5, 19, 31, 22, 31, 29, 30, 32, 18, 0, 15, 9, 8, 25, 25, 16]",50,0.4,300
106,150,0.0,0.38192087699999977,"[23, 17, 19, 19, 26, 21, 9, 13, 6, 24, 12, 5, 15, 14, 21, 22, 14, 8, 7, 25, 4, 31, 27, 3, 13, 11, 2, 3, 27, 7, 20, 28, 11, 17, 5, 19, 31, 22, 31, 29, 30, 32, 18, 0, 15, 9, 8, 25, 25, 16]",50,0.4,300
107,175,0.0,0.38192087699999977,"[23, 17, 19, 19, 26, 21, 9, 13, 6, 24, 12, 5, 15, 14, 21, 22, 14, 8, 7, 25, 4, 31, 27, 3, 13, 11, 2, 3, 27, 7, 20, 28, 11, 17, 5, 19, 31, 22, 31, 29, 30, 32, 18, 0, 15, 9, 8, 25, 25, 16]",50,0.4,300
108,200,0.0,0.38192087699999977,"[23, 17, 19, 19, 26, 21, 9, 13, 6, 24, 12, 5, 15, 14, 21, 22, 14, 8, 7, 25, 4, 31, 27, 3, 13, 11, 2, 3, 27, 7, 20, 28, 11, 17, 5, 19, 31, 22, 31, 29, 30, 32, 18, 0, 15, 9, 8, 25, 25, 16]",50,0.4,300
109,300,0.0,0.38192087699999977,"[23, 17, 19, 19, 26, 21, 9, 13, 6, 24, 12, 5, 15, 14, 21, 22, 14, 8, 7, 25, 4, 31, 27, 3, 13, 11, 2, 3, 27, 7, 20, 28, 11, 17, 5, 19, 31, 22, 31, 29, 30, 32, 18, 0, 15, 9, 8, 25, 25, 16]",50,0.4,300
110,0,18.0,0.03342344899999983,"[0, 3, 3, 9, 19, 21, 23, 6, 24, 24, 12, 1, 23, 24, 17, 25, 13, 8, 9, 20, 16, 5, 15, 0, 18, 24, 29, 19, 19, 14, 32, 1, 9, 32, 31, 10, 23, 11, 28, 0, 0, 5, 17, 15, 4, 31, 1, 1, 11, 18]",100,0.05,300
111,10,4.0,0.4210323650000003,"[24, 29, 16, 3, 5, 17, 3, 19, 26, 10, 9, 1, 17, 14, 16, 13, 2, 20, 28, 11, 4, 2, 15, 8, 16, 6, 12, 21, 8, 1, 32, 18, 10, 29, 22, 20, 7, 16, 23, 25, 5, 22, 30, 12, 20, 0, 5, 27, 6, 31]",100,0.05,300
112,25,1.0,0.9893661930000004,"[15, 16, 29, 3, 29, 5, 25, 19, 22, 24, 9, 30, 15, 4, 16, 0, 14, 30, 30, 13, 5, 31, 8, 8, 7, 19, 17, 21, 27, 10, 18, 12, 28, 29, 22, 14, 7, 4, 23, 27, 6, 4, 28, 32, 23, 19, 12, 5, 25, 31]",100,0.05,300
113,50,0.0,1.2262734569999996,"[24, 16, 15, 3, 29, 17, 25, 19, 26, 10, 9, 30, 17, 4, 16, 9, 14, 30, 5, 0, 5, 2, 18, 27, 16, 15, 12, 21, 18, 1, 8, 25, 28, 1, 22, 14, 7, 29, 23, 27, 6, 4, 30, 20, 23, 25, 12, 27, 12, 31]",100,0.05,300
114,75,0.0,1.2262734569999996,"[24, 16, 15, 3, 29, 17, 25, 19, 26, 10, 9, 30, 17, 4, 16, 9, 14, 30, 5, 0, 5, 2, 18, 27, 16, 15, 12, 21, 18, 1, 8, 25, 28, 1, 22, 14, 7, 29, 23, 27, 6, 4, 30, 20, 23, 25, 12, 27, 12, 31]",100,0.05,300
115,100,0.0,1.2262734569999996,"[24, 16, 15, 3, 29, 17, 25, 19, 26, 10, 9, 30, 17, 4, 16, 9, 14, 30, 5, 0, 5, 2, 18, 27, 16, 15, 12, 21, 18, 1, 8, 25, 28, 1, 22, 14, 7, 29, 23, 27, 6, 4, 30, 20, 23, 25, 12, 27, 12, 31]",100,0.05,300
116,125,0.0,1.2262734569999996,"[24, 16, 15, 3, 29, 17, 25, 19, 26, 10, 9, 30, 17, 4, 16, 9, 14, 30, 5, 0, 5, 2, 18, 27, 16, 15, 12, 21, 18, 1, 8, 25, 28, 1, 22, 14, 7, 29, 23, 27, 6, 4, 30, 20, 23, 25, 12, 27, 12, 31]",100,0.05,300
117,150,0.0,1.2262734569999996,"[24, 16, 15, 3, 29, 17, 25, 19, 26, 10, 9, 30, 17, 4, 16, 9, 14, 30, 5, 0, 5, 2, 18, 27, 16, 15, 12, 21, 18, 1, 8, 25, 28, 1, 22, 14, 7, 29, 23, 27, 6, 4, 30, 20, 23, 25, 12, 27, 12, 31]",100,0.05,300
118,175,0.0,1.2262734569999996,"[24, 16, 15, 3, 29, 17, 25, 19, 26, 10, 9, 30, 17, 4, 16, 9, 14, 30, 5, 0, 5, 2, 18, 27, 16, 15, 12, 21, 18, 1, 8, 25, 28, 1, 22, 14, 7, 29, 23, 27, 6, 4, 30, 20, 23, 25, 12, 27, 12, 31]",100,0.05,300
119,200,0.0,1.2262734569999996,"[24, 16, 15, 3, 29, 17, 25, 19, 26, 10, 9, 30, 17, 4, 16, 9, 14, 30, 5, 0, 5, 2, 18, 27, 16, 15, 12, 21, 18, 1, 8, 25, 28, 1, 22, 14, 7, 29, 23, 27, 6, 4, 30, 20, 23, 25, 12, 27, 12, 31]",100,0.05,300
120,300,0.0,1.2262734569999996,"[24, 16, 15, 3, 29, 17, 25, 19, 26, 10, 9, 30, 17, 4, 16, 9, 14, 30, 5, 0, 5, 2, 18, 27, 16, 15, 12, 21, 18, 1, 8, 25, 28, 1, 22, 14, 7, 29, 23, 27, 6, 4, 30, 20, 23, 25, 12, 27, 12, 31]",100,0.05,300
121,0,18.0,0.03392736800000051,"[0, 3, 3, 9, 19, 21, 23, 6, 24, 24, 12, 1, 23, 24, 17, 25, 13, 8, 9, 20, 16, 5, 15, 0, 18, 24, 29, 19, 19, 14, 32, 1, 9, 32, 31, 10, 23, 11, 28, 0, 0, 5, 17, 15, 4, 31, 1, 1, 11, 18]",100,0.1,300
122,10,4.0,0.4215967850000002,"[11, 20, 4, 24, 29, 27, 19, 19, 10, 9, 31, 30, 17, 23, 10, 28, 7, 3, 24, 29, 5, 28, 30, 1, 25, 16, 2, 21, 16, 22, 20, 14, 27, 0, 21, 14, 15, 8, 13, 27, 6, 28, 22, 14, 24, 29, 12, 11, 12, 31]",100,0.1,300
123,25,0.0,0.921789672000001,"[15, 17, 2, 17, 20, 27, 19, 18, 26, 24, 27, 3, 20, 20, 13, 4, 7, 6, 18, 31, 5, 31, 8, 8, 9, 28, 32, 8, 1, 7, 32, 14, 21, 23, 3, 14, 21, 30, 11, 27, 23, 4, 21, 23, 17, 29, 30, 25, 12, 31]",100,0.1,300
124,50,0.0,0.921789672000001,"[15, 17, 2, 17, 20, 27, 19, 18, 26, 24, 27, 3, 20, 20, 13, 4, 7, 6, 18, 31, 5, 31, 8, 8, 9, 28, 32, 8, 1, 7, 32, 14, 21, 23, 3, 14, 21, 30, 11, 27, 23, 4, 21, 23, 17, 29, 30, 25, 12, 31]",100,0.1,300
125,75,0.0,0.921789672000001,"[15, 17, 2, 17, 20, 27, 19, 18, 26, 24, 27, 3, 20, 20, 13, 4, 7, 6, 18, 31, 5, 31, 8, 8, 9, 28, 32, 8, 1, 7, 32, 14, 21, 23, 3, 14, 21, 30, 11, 27, 23, 4, 21, 23, 17, 29, 30, 25, 12, 31]",100,0.1,300
126,100,0.0,0.921789672000001,"[15, 17, 2, 17, 20, 27, 19, 18, 26, 24, 27, 3, 20, 20, 13, 4, 7, 6, 18, 31, 5, 31, 8, 8, 9, 28, 32, 8, 1, 7, 32, 14, 21, 23, 3, 14, 21, 30, 11, 27, 23, 4, 21, 23, 17, 29, 30, 25, 12, 31]",100,0.1,300
127,125,0.0,0.921789672000001,"[15, 17, 2, 17, 20, 27, 19, 18, 26, 24, 27, 3, 20, 20, 13, 4, 7, 6, 18, 31, 5, 31, 8, 8, 9, 28, 32, 8, 1, 7, 32, 14, 21, 23, 3, 14, 21, 30, 11, 27, 23, 4, 21, 23, 17, 29, 30, 25, 12, 31]",100,0.1,300
128,150,0.0,0.921789672000001,"[15, 17, 2, 17, 20, 27, 19, 18, 26, 24, 27, 3, 20, 20, 13, 4, 7, 6, 18, 31, 5, 31, 8, 8, 9, 28, 32, 8, 1, 7, 32, 14, 21, 23, 3, 14, 21, 30, 11, 27, 23, 4, 21, 23, 17, 29, 30, 25, 12, 31]",100,0.1,300
129,175,0.0,0.921789672000001,"[15, 17, 2, 17, 20, 27, 19, 18, 26, 24, 27, 3, 20, 20, 13, 4, 7, 6, 18, 31, 5, 31, 8, 8, 9, 28, 32, 8, 1, 7, 32, 14, 21, 23, 3, 14, 21, 30, 11, 27, 23, 4, 21, 23, 17, 29, 30, 25, 12, 31]",100,0.1,300
130,200,0.0,0.921789672000001,"[15, 17, 2, 17, 20, 27, 19, 18, 26, 24, 27, 3, 20, 20, 13, 4, 7, 6, 18, 31, 5, 31, 8, 8, 9, 28, 32, 8, 1, 7, 32, 14, 21, 23, 3, 14, 21, 30, 11, 27, 23, 4, 21, 23, 17, 29, 30, 25, 12, 31]",100,0.1,300
131,300,0.0,0.921789672000001,"[15, 17, 2, 17, 20, 27, 19, 18, 26, 24, 27, 3, 20, 20, 13, 4, 7, 6, 18, 31, 5, 31, 8, 8, 9, 28, 32, 8, 1, 7, 32, 14, 21, 23, 3, 14, 21, 30, 11, 27, 23, 4, 21, 23, 17, 29, 30, 25, 12, 31]",100,0.1,300
132,0,18.0,0.035880028999999425,"[0, 3, 3, 9, 19, 21, 23, 6, 24, 24, 12, 1, 23, 24, 17, 25, 13, 8, 9, 20, 16, 5, 15, 0, 18, 24, 29, 19, 19, 14, 32, 1, 9, 32, 31, 10, 23, 11, 28, 0, 0, 5, 17, 15, 4, 31, 1, 1, 11, 18]",100,0.2,300
133,10,6.0,0.42451543700000016,"[12, 21, 19, 17, 5, 20, 29, 2, 6, 21, 22, 25, 15, 20, 10, 2, 14, 30, 1, 25, 18, 31, 14, 25, 25, 9, 20, 28, 3, 10, 18, 19, 27, 10, 7, 0, 12, 0, 8, 4, 32, 4, 30, 11, 24, 3, 31, 21, 0, 23]",100,0.2,300
134,25,1.0,1.0068934929999998,"[12, 10, 15, 17, 12, 26, 19, 13, 6, 21, 22, 9, 15, 20, 10, 2, 26, 3, 31, 25, 1, 31, 14, 3, 21, 5, 18, 28, 26, 10, 0, 15, 27, 25, 4, 0, 12, 1, 8, 25, 7, 32, 22, 11, 24, 3, 31, 21, 19, 16]",100,0.2,300
135,50,0.0,1.2085995890000003,"[12, 10, 15, 17, 29, 26, 29, 9, 24, 21, 16, 28, 15, 20, 10, 2, 21, 6, 31, 17, 1, 31, 14, 3, 25, 9, 18, 28, 26, 6, 18, 15, 7, 25, 7, 0, 13, 0, 8, 25, 30, 23, 3, 11, 17, 9, 31, 21, 19, 16]",100,0.2,300
136,75,0.0,1.2085995890000003,"[12, 10, 15, 17, 29, 26, 29, 9, 24, 21, 16, 28, 15, 20, 10, 2, 21, 6, 31, 17, 1, 31, 14, 3, 25, 9, 18, 28, 26, 6, 18, 15, 7, 25, 7, 0, 13, 0, 8, 25, 30, 23, 3, 11, 17, 9, 31, 21, 19, 16]",100,0.2,300
137,100,0.0,1.2085995890000003,"[12, 10, 15, 17, 29, 26, 29, 9, 24, 21, 16, 28, 15, 20, 10, 2, 21, 6, 31, 17, 1, 31, 14, 3, 25, 9, 18, 28, 26, 6, 18, 15, 7, 25, 7, 0, 13, 0, 8, 25, 30, 23, 3, 11, 17, 9, 31, 21, 19, 16]",100,0.2,300
138,125,0.0,1.2085995890000003,"[12, 10, 15, 17, 29, 26, 29, 9, 24, 21, 16, 28, 15, 20, 10, 2, 21, 6, 31, 17, 1, 31, 14, 3, 25, 9, 18, 28, 26, 6, 18, 15, 7, 25, 7, 0, 13, 0, 8, 25, 30, 23, 3, 11, 17, 9, 31, 21, 19, 16]",100,0.2,300
139,150,0.0,1.2085995890000003,"[12, 10, 15, 17, 29, 26, 29, 9, 24, 21, 16, 28, 15, 20, 10, 2, 21, 6, 31, 17, 1, 31, 14, 3, 25, 9, 18, 28, 26, 6, 18, 15, 7, 25, 7, 0, 13, 0, 8, 25, 30, 23, 3, 11, 17, 9, 31, 21, 19, 16]",100,0.2,300
140,175,0.0,1.2085995890000003,"[12, 10, 15, 17, 29, 26, 29, 9, 24, 21, 16, 28, 15, 20, 10, 2, 21, 6, 31, 17, 1, 31, 14, 3, 25, 9, 18, 28, 26, 6, 18, 15, 7, 25, 7, 0, 13, 0, 8, 25, 30, 23, 3, 11, 17, 9, 31, 21, 19, 16]",100,0.2,300
141,200,0.0,1.2085995890000003,"[12, 10, 15, 17, 29, 26, 29, 9, 24, 21, 16, 28, 15, 20, 10, 2, 21, 6, 31, 17, 1, 31, 14, 3, 25, 9, 18, 28, 26, 6, 18, 15, 7, 25, 7, 0, 13, 0, 8, 25, 30, 23, 3, 11, 17, 9, 31, 21, 19, 16]",100,0.2,300
142,300,0.0,1.2085995890000003,"[12, 10, 15, 17, 29, 26, 29, 9, 24, 21, 16, 28, 15, 20, 10, 2, 21, 6, 31, 17, 1, 31, 14, 3, 25, 9, 18, 28, 26, 6, 18, 15, 7, 25, 7, 0, 13, 0, 8, 25, 30, 23, 3, 11, 17, 9, 31, 21, 19, 16]",100,0.2,300
143,0,18.0,0.034585617999999485,"[0, 3, 3, 9, 19, 21, 23, 6, 24, 24, 12, 1, 23, 24, 17, 25, 13, 8, 9, 20, 16, 5, 15, 0, 18, 24, 29, 19, 19, 14, 32, 1, 9, 32, 31, 10, 23, 11, 28, 0, 0, 5, 17, 15, 4, 31, 1, 1, 11, 18]",100,0.3,300
144,10,3.0,0.423889956,"[31, 29, 16, 25, 19, 6, 19, 17, 11, 20, 27, 28, 15, 7, 16, 27, 20, 2, 23, 8, 13, 28, 8, 4, 2, 25, 2, 11, 8, 10, 22, 3, 10, 29, 11, 14, 7, 29, 21, 7, 6, 12, 25, 32, 20, 19, 25, 5, 28, 16]",100,0.3,300
145,25,0.0,0.8525456689999995,"[28, 29, 16, 25, 10, 27, 30, 17, 26, 9, 27, 19, 12, 14, 16, 12, 20, 24, 23, 32, 13, 28, 15, 4, 2, 23, 17, 3, 8, 5, 22, 5, 10, 29, 19, 30, 18, 29, 15, 7, 6, 19, 25, 32, 0, 19, 25, 7, 28, 18]",100,0.3,300
146,50,0.0,0.8525456689999995,"[28, 29, 16, 25, 10, 27, 30, 17, 26, 9, 27, 19, 12, 14, 16, 12, 20, 24, 23, 32, 13, 28, 15, 4, 2, 23, 17, 3, 8, 5, 22, 5, 10, 29, 19, 30, 18, 29, 15, 7, 6, 19, 25, 32, 0, 19, 25, 7, 28, 18]",100,0.3,300
147,75,0.0,0.8525456689999995,"[28, 29, 16, 25, 10, 27, 30, 17, 26, 9, 27, 19, 12, 14, 16, 12, 20, 24, 23, 32, 13, 28, 15, 4, 2, 23, 17, 3, 8, 5, 22, 5, 10, 29, 19, 30, 18, 29, 15, 7, 6, 19, 25, 32, 0, 19, 25, 7, 28, 18]",100,0.3,300
148,100,0.0,0.8525456689999995,"[28, 29, 16, 25, 10, 27, 30, 17, 26, 9, 27, 19, 12, 14, 16, 12, 20, 24, 23, 32, 13, 28, 15, 4, 2, 23, 17, 3, 8, 5, 22, 5, 10, 29, 19, 30, 18, 29, 15, 7, 6, 19, 25, 32, 0, 19, 25, 7, 28, 18]",100,0.3,300
149,125,0.0,0.8525456689999995,"[28, 29, 16, 25, 10, 27, 30, 17, 26, 9, 27, 19, 12, 14, 16, 12, 20, 24, 23, 32, 13, 28, 15, 4, 2, 23, 17, 3, 8, 5, 22, 5, 10, 29, 19, 30, 18, 29, 15, 7, 6, 19, 25, 32, 0, 19, 25, 7, 28, 18]",100,0.3,300
150,150,0.0,0.8525456689999995,"[28, 29, 16, 25, 10, 27, 30, 17, 26, 9, 27, 19, 12, 14, 16, 12, 20, 24, 23, 32, 13, 28, 15, 4, 2, 23, 17, 3, 8, 5, 22, 5, 10, 29, 19, 30, 18, 29, 15, 7, 6, 19, 25, 32, 0, 19, 25, 7, 28, 18]",100,0.3,300
151,175,0.0,0.8525456689999995,"[28, 29, 16, 25, 10, 27, 30, 17, 26, 9, 27, 19, 12, 14, 16, 12, 20, 24, 23, 32, 13, 28, 15, 4, 2, 23, 17, 3, 8, 5, 22, 5, 10, 29, 19, 30, 18, 29, 15, 7, 6, 19, 25, 32, 0, 19, 25, 7, 28, 18]",100,0.3,300
152,200,0.0,0.8525456689999995,"[28, 29, 16, 25, 10, 27, 30, 17, 26, 9, 27, 19, 12, 14, 16, 12, 20, 24, 23, 32, 13, 28, 15, 4, 2, 23, 17, 3, 8, 5, 22, 5, 10, 29, 19, 30, 18, 29, 15, 7, 6, 19, 25, 32, 0, 19, 25, 7, 28, 18]",100,0.3,300
153,300,0.0,0.8525456689999995,"[28, 29, 16, 25, 10, 27, 30, 17, 26, 9, 27, 19, 12, 14, 16, 12, 20, 24, 23, 32, 13, 28, 15, 4, 2, 23, 17, 3, 8, 5, 22, 5, 10, 29, 19, 30, 18, 29, 15, 7, 6, 19, 25, 32, 0, 19, 25, 7, 28, 18]",100,0.3,300
154,0,18.0,0.03444067900000114,"[0, 3, 3, 9, 19, 21, 23, 6, 24, 24, 12, 1, 23, 24, 17, 25, 13, 8, 9, 20, 16, 5, 15, 0, 18, 24, 29, 19, 19, 14, 32, 1, 9, 32, 31, 10, 23, 11, 28, 0, 0, 5, 17, 15, 4, 31, 1, 1, 11, 18]",100,0.4,300
155,10,4.0,0.42765144200000016,"[12, 0, 29, 27, 11, 7, 26, 21, 15, 31, 5, 23, 1, 6, 6, 4, 7, 8, 15, 24, 15, 26, 26, 4, 11, 19, 29, 9, 32, 2, 4, 5, 19, 10, 10, 12, 23, 30, 25, 14, 16, 9, 23, 24, 1, 32, 16, 18, 22, 25]",100,0.4,300
156,25,1.0,1.0106627410000009,"[1, 17, 29, 4, 11, 6, 4, 13, 31, 24, 8, 7, 14, 14, 6, 0, 11, 4, 12, 32, 20, 22, 26, 3, 13, 28, 19, 3, 8, 11, 14, 25, 28, 29, 5, 6, 7, 20, 30, 21, 21, 0, 1, 25, 23, 19, 16, 25, 22, 25]",100,0.4,300
157,50,0.0,1.2488669120000004,"[1, 0, 29, 27, 11, 7, 26, 12, 31, 24, 5, 23, 18, 14, 6, 4, 14, 5, 15, 22, 15, 22, 26, 4, 11, 19, 19, 9, 24, 2, 4, 5, 28, 29, 13, 5, 23, 20, 25, 21, 16, 9, 23, 7, 1, 32, 16, 18, 28, 25]",100,0.4,300
158,75,0.0,1.2488669120000004,"[1, 0, 29, 27, 11, 7, 26, 12, 31, 24, 5, 23, 18, 14, 6, 4, 14, 5, 15, 22, 15, 22, 26, 4, 11, 19, 19, 9, 24, 2, 4, 5, 28, 29, 13, 5, 23, 20, 25, 21, 16, 9, 23, 7, 1, 32, 16, 18, 28, 25]",100,0.4,300
159,100,0.0,1.2488669120000004,"[1, 0, 29, 27, 11, 7, 26, 12, 31, 24, 5, 23, 18, 14, 6, 4, 14, 5, 15, 22, 15, 22, 26, 4, 11, 19, 19, 9, 24, 2, 4, 5, 28, 29, 13, 5, 23, 20, 25, 21, 16, 9, 23, 7, 1, 32, 16, 18, 28, 25]",100,0.4,300
160,125,0.0,1.2488669120000004,"[1, 0, 29, 27, 11, 7, 26, 12, 31, 24, 5, 23, 18, 14, 6, 4, 14, 5, 15, 22, 15, 22, 26, 4, 11, 19, 19, 9, 24, 2, 4, 5, 28, 29, 13, 5, 23, 20, 25, 21, 16, 9, 23, 7, 1, 32, 16, 18, 28, 25]",100,0.4,300
161,150,0.0,1.2488669120000004,"[1, 0, 29, 27, 11, 7, 26, 12, 31, 24, 5, 23, 18, 14, 6, 4, 14, 5, 15, 22, 15, 22, 26, 4, 11, 19, 19, 9, 24, 2, 4, 5, 28, 29, 13, 5, 23, 20, 25, 21, 16, 9, 23, 7, 1, 32, 16, 18, 28, 25]",100,0.4,300
162,175,0.0,1.2488669120000004,"[1, 0, 29, 27, 11, 7, 26, 12, 31, 24, 5, 23, 18, 14, 6, 4, 14, 5, 15, 22, 15, 22, 26, 4, 11, 19, 19, 9, 24, 2, 4, 5, 28, 29, 13, 5, 23, 20, 25, 21, 16, 9, 23, 7, 1, 32, 16, 18, 28, 25]",100,0.4,300
163,200,0.0,1.2488669120000004,"[1, 0, 29, 27, 11, 7, 26, 12, 31, 24, 5, 23, 18, 14, 6, 4, 14, 5, 15, 22, 15, 22, 26, 4, 11, 19, 19, 9, 24, 2, 4, 5, 28, 29, 13, 5, 23, 20, 25, 21, 16, 9, 23, 7, 1, 32, 16, 18, 28, 25]",100,0.4,300
164,300,0.0,1.2488669120000004,"[1, 0, 29, 27, 11, 7, 26, 12, 31, 24, 5, 23, 18, 14, 6, 4, 14, 5, 15, 22, 15, 22, 26, 4, 11, 19, 19, 9, 24, 2, 4, 5, 28, 29, 13, 5, 23, 20, 25, 21, 16, 9, 23, 7, 1, 32, 16, 18, 28, 25]",100,0.4,300
165,0,18.0,0.06713460799999993,"[0, 3, 3, 9, 19, 21, 23, 6, 24, 24, 12, 1, 23, 24, 17, 25, 13, 8, 9, 20, 16, 5, 15, 0, 18, 24, 29, 19, 19, 14, 32, 1, 9, 32, 31, 10, 23, 11, 28, 0, 0, 5, 17, 15, 4, 31, 1, 1, 11, 18]",200,0.05,300
166,10,6.0,0.8323274200000004,"[15, 15, 24, 16, 10, 10, 23, 8, 26, 7, 27, 19, 30, 20, 21, 2, 18, 8, 32, 9, 13, 11, 27, 4, 1, 12, 10, 24, 27, 2, 16, 25, 14, 16, 5, 4, 7, 6, 11, 1, 30, 3, 21, 6, 17, 25, 8, 25, 4, 29]",200,0.05,300
167,25,4.0,1.972914469000001,"[12, 15, 16, 16, 11, 7, 30, 27, 26, 12, 27, 19, 5, 20, 18, 2, 18, 7, 31, 9, 13, 23, 30, 4, 1, 12, 10, 28, 27, 14, 16, 25, 14, 1, 5, 15, 29, 6, 11, 24, 30, 3, 10, 6, 17, 25, 30, 29, 4, 29]",200,0.05,300
168,50,1.0,3.8757584540000014,"[23, 25, 15, 17, 22, 21, 4, 27, 26, 12, 21, 5, 22, 18, 29, 23, 14, 3, 24, 9, 13, 32, 7, 4, 7, 12, 10, 18, 31, 10, 22, 24, 22, 25, 17, 27, 11, 4, 8, 0, 25, 28, 16, 31, 9, 32, 7, 25, 18, 14]",200,0.05,300
169,75,0.0,3.9612519640000006,"[23, 30, 15, 17, 22, 7, 30, 14, 26, 24, 30, 6, 22, 18, 19, 28, 3, 7, 32, 9, 1, 32, 7, 4, 25, 1, 10, 18, 31, 10, 22, 23, 28, 10, 18, 27, 20, 27, 8, 0, 12, 28, 16, 11, 9, 29, 7, 25, 4, 16]",200,0.05,300
170,100,0.0,3.9612519640000006,"[23, 30, 15, 17, 22, 7, 30, 14, 26, 24, 30, 6, 22, 18, 19, 28, 3, 7, 32, 9, 1, 32, 7, 4, 25, 1, 10, 18, 31, 10, 22, 23, 28, 10, 18, 27, 20, 27, 8, 0, 12, 28, 16, 11, 9, 29, 7, 25, 4, 16]",200,0.05,300
171,125,0.0,3.9612519640000006,"[23, 30, 15, 17, 22, 7, 30, 14, 26, 24, 30, 6, 22, 18, 19, 28, 3, 7, 32, 9, 1, 32, 7, 4, 25, 1, 10, 18, 31, 10, 22, 23, 28, 10, 18, 27, 20, 27, 8, 0, 12, 28, 16, 11, 9, 29, 7, 25, 4, 16]",200,0.05,300
172,150,0.0,3.9612519640000006,"[23, 30, 15, 17, 22, 7, 30, 14, 26, 24, 30, 6, 22, 18, 19, 28, 3, 7, 32, 9, 1, 32, 7, 4, 25, 1, 10, 18, 31, 10, 22, 23, 28, 10, 18, 27, 20, 27, 8, 0, 12, 28, 16, 11, 9, 29, 7, 25, 4, 16]",200,0.05,300
173,175,0.0,3.9612519640000006,"[23, 30, 15, 17, 22, 7, 30, 14, 26, 24, 30, 6, 22, 18, 19, 28, 3, 7, 32, 9, 1, 32, 7, 4, 25, 1, 10, 18, 31, 10, 22, 23, 28, 10, 18, 27, 20, 27, 8, 0, 12, 28, 16, 11, 9, 29, 7, 25, 4, 16]",200,0.05,300
174,200,0.0,3.9612519640000006,"[23, 30, 15, 17, 22, 7, 30, 14, 26, 24, 30, 6, 22, 18, 19, 28, 3, 7, 32, 9, 1, 32, 7, 4, 25, 1, 10, 18, 31, 10, 22, 23, 28, 10, 18, 27, 20, 27, 8, 0, 12, 28, 16, 11, 9, 29, 7, 25, 4, 16]",200,0.05,300
175,300,0.0,3.9612519640000006,"[23, 30, 15, 17, 22, 7, 30, 14, 26, 24, 30, 6, 22, 18, 19, 28, 3, 7, 32, 9, 1, 32, 7, 4, 25, 1, 10, 18, 31, 10, 22, 23, 28, 10, 18, 27, 20, 27, 8, 0, 12, 28, 16, 11, 9, 29, 7, 25, 4, 16]",200,0.05,300
176,0,18.0,0.06767496799999861,"[0, 3, 3, 9, 19, 21, 23, 6, 24, 24, 12, 1, 23, 24, 17, 25, 13, 8, 9, 20, 16, 5, 15, 0, 18, 24, 29, 19, 19, 14, 32, 1, 9, 32, 31, 10, 23, 11, 28, 0, 0, 5, 17, 15, 4, 31, 1, 1, 11, 18]",200,0.1,300
177,10,4.0,0.8310115499999995,"[11, 30, 31, 1, 5, 6, 12, 22, 14, 25, 30, 3, 1, 6, 24, 4, 16, 31, 29, 4, 14, 21, 7, 20, 8, 29, 12, 26, 27, 15, 9, 23, 28, 15, 9, 4, 11, 16, 26, 29, 21, 21, 11, 27, 25, 4, 18, 15, 12, 8]",200,0.1,300
178,25,2.0,1.9778920609999986,"[2, 27, 16, 6, 20, 32, 21, 23, 6, 14, 30, 9, 8, 30, 32, 28, 13, 28, 11, 12, 14, 22, 4, 21, 0, 29, 12, 2, 27, 24, 19, 25, 28, 29, 9, 30, 11, 16, 31, 7, 21, 1, 22, 17, 10, 3, 16, 26, 12, 15]",200,0.1,300
179,50,0.0,3.1212121109999984,"[11, 30, 16, 14, 5, 6, 3, 23, 5, 14, 30, 9, 8, 13, 24, 17, 20, 28, 29, 12, 14, 1, 4, 21, 24, 29, 18, 2, 27, 24, 19, 25, 28, 22, 9, 30, 11, 30, 21, 27, 0, 1, 22, 25, 10, 3, 16, 12, 12, 15]",200,0.1,300
180,75,0.0,3.1212121109999984,"[11, 30, 16, 14, 5, 6, 3, 23, 5, 14, 30, 9, 8, 13, 24, 17, 20, 28, 29, 12, 14, 1, 4, 21, 24, 29, 18, 2, 27, 24, 19, 25, 28, 22, 9, 30, 11, 30, 21, 27, 0, 1, 22, 25, 10, 3, 16, 12, 12, 15]",200,0.1,300
181,100,0.0,3.1212121109999984,"[11, 30, 16, 14, 5, 6, 3, 23, 5, 14, 30, 9, 8, 13, 24, 17, 20, 28, 29, 12, 14, 1, 4, 21, 24, 29, 18, 2, 27, 24, 19, 25, 28, 22, 9, 30, 11, 30, 21, 27, 0, 1, 22, 25, 10, 3, 16, 12, 12, 15]",200,0.1,300
182,125,0.0,3.1212121109999984,"[11, 30, 16, 14, 5, 6, 3, 23, 5, 14, 30, 9, 8, 13, 24, 17, 20, 28, 29, 12, 14, 1, 4, 21, 24, 29, 18, 2, 27, 24, 19, 25, 28, 22, 9, 30, 11, 30, 21, 27, 0, 1, 22, 25, 10, 3, 16, 12, 12, 15]",200,0.1,300
183,150,0.0,3.1212121109999984,"[11, 30, 16, 14, 5, 6, 3, 23, 5, 14, 30, 9, 8, 13, 24, 17, 20, 28, 29, 12, 14, 1, 4, 21, 24, 29, 18, 2, 27, 24, 19, 25, 28, 22, 9, 30, 11, 30, 21, 27, 0, 1, 22, 25, 10, 3, 16, 12, 12, 15]",200,0.1,300
184,175,0.0,3.1212121109999984,"[11, 30, 16, 14, 5, 6, 3, 23, 5, 14, 30, 9, 8, 13, 24, 17, 20, 28, 29, 12, 14, 1, 4, 21, 24, 29, 18, 2, 27, 24, 19, 25, 28, 22, 9, 30, 11, 30, 21, 27, 0, 1, 22, 25, 10, 3, 16, 12, 12, 15]",200,0.1,300
185,200,0.0,3.1212121109999984,"[11, 30, 16, 14, 5, 6, 3, 23, 5, 14, 30, 9, 8, 13, 24, 17, 20, 28, 29, 12, 14, 1, 4, 21, 24, 29, 18, 2, 27, 24, 19, 25, 28, 22, 9, 30, 11, 30, 21, 27, 0, 1, 22, 25, 10, 3, 16, 12, 12, 15]",200,0.1,300
186,300,0.0,3.1212121109999984,"[11, 30, 16, 14, 5, 6, 3, 23, 5, 14, 30, 9, 8, 13, 24, 17, 20, 28, 29, 12, 14, 1, 4, 21, 24, 29, 18, 2, 27, 24, 19, 25, 28, 22, 9, 30, 11, 30, 21, 27, 0, 1, 22, 25, 10, 3, 16, 12, 12, 15]",200,0.1,300
187,0,18.0,0.0692952929999997,"[0, 3, 3, 9, 19, 21, 23, 6, 24, 24, 12, 1, 23, 24, 17, 25, 13, 8, 9, 20, 16, 5, 15, 0, 18, 24, 29, 19, 19, 14, 32, 1, 9, 32, 31, 10, 23, 11, 28, 0, 0, 5, 17, 15, 4, 31, 1, 1, 11, 18]",200,0.2,300
188,10,4.0,0.8454887110000016,"[11, 6, 17, 19, 1, 27, 4, 13, 25, 9, 31, 16, 17, 7, 20, 28, 22, 6, 30, 8, 5, 29, 27, 3, 1, 11, 0, 11, 27, 6, 20, 25, 26, 15, 13, 14, 7, 4, 28, 25, 29, 32, 24, 24, 13, 5, 23, 5, 30, 16]",200,0.2,300
189,25,2.0,2.0043960389999995,"[23, 25, 0, 28, 22, 7, 27, 13, 19, 10, 32, 16, 17, 4, 9, 1, 9, 22, 12, 29, 8, 27, 6, 13, 13, 20, 3, 3, 24, 26, 15, 11, 28, 21, 19, 8, 21, 18, 2, 7, 27, 14, 22, 24, 19, 19, 8, 31, 30, 6]",200,0.2,300
190,50,0.0,3.6103429049999995,"[11, 20, 0, 10, 21, 27, 1, 13, 19, 14, 32, 16, 2, 7, 1, 2, 9, 6, 26, 29, 17, 29, 6, 6, 24, 26, 15, 11, 9, 30, 20, 8, 26, 23, 19, 8, 7, 18, 15, 27, 1, 3, 11, 0, 13, 15, 16, 12, 1, 15]",200,0.2,300
191,75,0.0,3.6103429049999995,"[11, 20, 0, 10, 21, 27, 1, 13, 19, 14, 32, 16, 2, 7, 1, 2, 9, 6, 26, 29, 17, 29, 6, 6, 24, 26, 15, 11, 9, 30, 20, 8, 26, 23, 19, 8, 7, 18, 15, 27, 1, 3, 11, 0, 13, 15, 16, 12, 1, 15]",200,0.2,300
192,100,0.0,3.6103429049999995,"[11, 20, 0, 10, 21, 27, 1, 13, 19, 14, 32, 16, 2, 7, 1, 2, 9, 6, 26, 29, 17, 29, 6, 6, 24, 26, 15, 11, 9, 30, 20, 8, 26, 23, 19, 8, 7, 18, 15, 27, 1, 3, 11, 0, 13, 15, 16, 12, 1, 15]",200,0.2,300
193,125,0.0,3.6103429049999995,"[11, 20, 0, 10, 21, 27, 1, 13, 19, 14, 32, 16, 2, 7, 1, 2, 9, 6, 26, 29, 17, 29, 6, 6, 24, 26, 15, 11, 9, 30, 20, 8, 26, 23, 19, 8, 7, 18, 15, 27, 1, 3, 11, 0, 13, 15, 16, 12, 1, 15]",200,0.2,300
194,150,0.0,3.6103429049999995,"[11, 20, 0, 10, 21, 27, 1, 13, 19, 14, 32, 16, 2, 7, 1, 2, 9, 6, 26, 29, 17, 29, 6, 6, 24, 26, 15, 11, 9, 30, 20, 8, 26, 23, 19, 8, 7, 18, 15, 27, 1, 3, 11, 0, 13, 15, 16, 12, 1, 15]",200,0.2,300
195,175,0.0,3.6103429049999995,"[11, 20, 0, 10, 21, 27, 1, 13, 19, 14, 32, 16, 2, 7, 1, 2, 9, 6, 26, 29, 17, 29, 6, 6, 24, 26, 15, 11, 9, 30, 20, 8, 26, 23, 19, 8, 7, 18, 15, 27, 1, 3, 11, 0, 13, 15, 16, 12, 1, 15]",200,0.2,300
196,200,0.0,3.6103429049999995,"[11, 20, 0, 10, 21, 27, 1, 13, 19, 14, 32, 16, 2, 7, 1, 2, 9, 6, 26, 29, 17, 29, 6, 6, 24, 26, 15, 11, 9, 30, 20, 8, 26, 23, 19, 8, 7, 18, 15, 27, 1, 3, 11, 0, 13, 15, 16, 12, 1, 15]",200,0.2,300
197,300,0.0,3.6103429049999995,"[11, 20, 0, 10, 21, 27, 1, 13, 19, 14, 32, 16, 2, 7, 1, 2, 9, 6, 26, 29, 17, 29, 6, 6, 24, 26, 15, 11, 9, 30, 20, 8, 26, 23, 19, 8, 7, 18, 15, 27, 1, 3, 11, 0, 13, 15, 16, 12, 1, 15]",200,0.2,300
198,0,18.0,0.06731667900000105,"[0, 3, 3, 9, 19, 21, 23, 6, 24, 24, 12, 1, 23, 24, 17, 25, 13, 8, 9, 20, 16, 5, 15, 0, 18, 24, 29, 19, 19, 14, 32, 1, 9, 32, 31, 10, 23, 11, 28, 0, 0, 5, 17, 15, 4, 31, 1, 1, 11, 18]",200,0.3,300
199,10,5.0,0.8400809660000021,"[14, 14, 24, 27, 29, 3, 12, 27, 2, 10, 13, 8, 5, 22, 21, 3, 18, 3, 2, 4, 4, 22, 0, 18, 23, 1, 23, 5, 31, 5, 16, 19, 22, 8, 16, 19, 15, 27, 24, 7, 26, 17, 11, 27, 20, 17, 8, 12, 28, 18]",200,0.3,300
200,25,2.0,2.016220163,"[8, 20, 11, 24, 24, 28, 19, 6, 30, 24, 13, 25, 0, 7, 21, 13, 27, 22, 12, 31, 2, 31, 19, 29, 23, 18, 23, 5, 31, 6, 20, 6, 15, 13, 25, 4, 15, 27, 10, 29, 32, 17, 3, 32, 4, 18, 25, 25, 3, 16]",200,0.3,300
201,50,0.0,2.9302132860000007,"[29, 20, 11, 19, 24, 27, 0, 15, 26, 24, 9, 25, 18, 21, 6, 4, 16, 27, 30, 3, 3, 7, 0, 18, 23, 1, 8, 19, 6, 12, 12, 14, 11, 19, 5, 27, 7, 32, 10, 10, 32, 32, 31, 15, 27, 9, 2, 22, 20, 16]",200,0.3,300
202,75,0.0,2.9302132860000007,"[29, 20, 11, 19, 24, 27, 0, 15, 26, 24, 9, 25, 18, 21, 6, 4, 16, 27, 30, 3, 3, 7, 0, 18, 23, 1, 8, 19, 6, 12, 12, 14, 11, 19, 5, 27, 7, 32, 10, 10, 32, 32, 31, 15, 27, 9, 2, 22, 20, 16]",200,0.3,300
203,100,0.0,2.9302132860000007,"[29, 20, 11, 19, 24, 27, 0, 15, 26, 24, 9, 25, 18, 21, 6, 4, 16, 27, 30, 3, 3, 7, 0, 18, 23, 1, 8, 19, 6, 12, 12, 14, 11, 19, 5, 27, 7, 32, 10, 10, 32, 32, 31, 15, 27, 9, 2, 22, 20, 16]",200,0.3,300
204,125,0.0,2.9302132860000007,"[29, 20, 11, 19, 24, 27, 0, 15, 26, 24, 9, 25, 18, 21, 6, 4, 16, 27, 30, 3, 3, 7, 0, 18, 23, 1, 8, 19, 6, 12, 12, 14, 11, 19, 5, 27, 7, 32, 10, 10, 32, 32, 31, 15, 27, 9, 2, 22, 20, 16]",200,0.3,300
205,150,0.0,2.9302132860000007,"[29, 20, 11, 19, 24, 27, 0, 15, 26, 24, 9, 25, 18, 21, 6, 4, 16, 27, 30, 3, 3, 7, 0, 18, 23, 1, 8, 19, 6, 12, 12, 14, 11, 19, 5, 27, 7, 32, 10, 10, 32, 32, 31, 15, 27, 9, 2, 22, 20, 16]",200,0.3,300
206,175,0.0,2.9302132860000007,"[29, 20, 11, 19, 24, 27, 0, 15, 26, 24, 9, 25, 18, 21, 6, 4, 16, 27, 30, 3, 3, 7, 0, 18, 23, 1, 8, 19, 6, 12, 12, 14, 11, 19, 5, 27, 7, 32, 10, 10, 32, 32, 31, 15, 27, 9, 2, 22, 20, 16]",200,0.3,300
207,200,0.0,2.9302132860000007,"[29, 20, 11, 19, 24, 27, 0, 15, 26, 24, 9, 25, 18, 21, 6, 4, 16, 27, 30, 3, 3, 7, 0, 18, 23, 1, 8, 19, 6, 12, 12, 14, 11, 19, 5, 27, 7, 32, 10, 10, 32, 32, 31, 15, 27, 9, 2, 22, 20, 16]",200,0.3,300
208,300,0.0,2.9302132860000007,"[29, 20, 11, 19, 24, 27, 0, 15, 26, 24, 9, 25, 18, 21, 6, 4, 16, 27, 30, 3, 3, 7, 0, 18, 23, 1, 8, 19, 6, 12, 12, 14, 11, 19, 5, 27, 7, 32, 10, 10, 32, 32, 31, 15, 27, 9, 2, 22, 20, 16]",200,0.3,300
209,0,18.0,0.06679864100000188,"[0, 3, 3, 9, 19, 21, 23, 6, 24, 24, 12, 1, 23, 24, 17, 25, 13, 8, 9, 20, 16, 5, 15, 0, 18, 24, 29, 19, 19, 14, 32, 1, 9, 32, 31, 10, 23, 11, 28, 0, 0, 5, 17, 15, 4, 31, 1, 1, 11, 18]",200,0.4,300
210,10,5.0,0.8347512049999999,"[7, 3, 10, 17, 11, 0, 27, 21, 5, 20, 9, 17, 20, 32, 8, 2, 2, 22, 29, 13, 8, 26, 4, 21, 23, 28, 17, 10, 18, 5, 20, 27, 9, 23, 29, 32, 16, 30, 26, 25, 23, 32, 14, 11, 15, 5, 23, 22, 6, 31]",200,0.4,300
211,25,2.0,1.9971308930000014,"[7, 5, 19, 29, 11, 0, 3, 21, 12, 10, 9, 17, 20, 32, 13, 26, 2, 22, 29, 25, 1, 29, 4, 21, 18, 9, 17, 18, 10, 5, 31, 27, 28, 17, 29, 20, 13, 30, 26, 25, 23, 30, 22, 11, 15, 18, 23, 19, 6, 31]",200,0.4,300
212,50,0.0,3.6920215580000004,"[7, 5, 10, 29, 24, 7, 3, 15, 12, 10, 13, 5, 0, 32, 8, 0, 29, 20, 5, 22, 26, 31, 6, 11, 1, 17, 4, 23, 27, 5, 15, 20, 18, 2, 23, 8, 7, 21, 28, 27, 2, 0, 25, 24, 9, 29, 2, 7, 17, 16]",200,0.4,300
213,75,0.0,3.6920215580000004,"[7, 5, 10, 29, 24, 7, 3, 15, 12, 10, 13, 5, 0, 32, 8, 0, 29, 20, 5, 22, 26, 31, 6, 11, 1, 17, 4, 23, 27, 5, 15, 20, 18, 2, 23, 8, 7, 21, 28, 27, 2, 0, 25, 24, 9, 29, 2, 7, 17, 16]",200,0.4,300
214,100,0.0,3.6920215580000004,"[7, 5, 10, 29, 24, 7, 3, 15, 12, 10, 13, 5, 0, 32, 8, 0, 29, 20, 5, 22, 26, 31, 6, 11, 1, 17, 4, 23, 27, 5, 15, 20, 18, 2, 23, 8, 7, 21, 28, 27, 2, 0, 25, 24, 9, 29, 2, 7, 17, 16]",200,0.4,300
215,125,0.0,3.6920215580000004,"[7, 5, 10, 29, 24, 7, 3, 15, 12, 10, 13, 5, 0, 32, 8, 0, 29, 20, 5, 22, 26, 31, 6, 11, 1, 17, 4, 23, 27, 5, 15, 20, 18, 2, 23, 8, 7, 21, 28, 27, 2, 0, 25, 24, 9, 29, 2, 7, 17, 16]",200,0.4,300
216,150,0.0,3.6920215580000004,"[7, 5, 10, 29, 24, 7, 3, 15, 12, 10, 13, 5, 0, 32, 8, 0, 29, 20, 5, 22, 26, 31, 6, 11, 1, 17, 4, 23, 27, 5, 15, 20, 18, 2, 23, 8, 7, 21, 28, 27, 2, 0, 25, 24, 9, 29, 2, 7, 17, 16]",200,0.4,300
217,175,0.0,3.6920215580000004,"[7, 5, 10, 29, 24, 7, 3, 15, 12, 10, 13, 5, 0, 32, 8, 0, 29, 20, 5, 22, 26, 31, 6, 11, 1, 17, 4, 23, 27, 5, 15, 20, 18, 2, 23, 8, 7, 21, 28, 27, 2, 0, 25, 24, 9, 29, 2, 7, 17, 16]",200,0.4,300
218,200,0.0,3.6920215580000004,"[7, 5, 10, 29, 24, 7, 3, 15, 12, 10, 13, 5, 0, 32, 8, 0, 29, 20, 5, 22, 26, 31, 6, 11, 1, 17, 4, 23, 27, 5, 15, 20, 18, 2, 23, 8, 7, 21, 28, 27, 2, 0, 25, 24, 9, 29, 2, 7, 17, 16]",200,0.4,300
219,300,0.0,3.6920215580000004,"[7, 5, 10, 29, 24, 7, 3, 15, 12, 10, 13, 5, 0, 32, 8, 0, 29, 20, 5, 22, 26, 31, 6, 11, 1, 17, 4, 23, 27, 5, 15, 20, 18, 2, 23, 8, 7, 21, 28, 27, 2, 0, 25, 24, 9, 29, 2, 7, 17, 16]",200,0.4,300
